id,y_pred
2026-01-04T05:00:00+0100,66.39478843347176
2026-01-04T06:00:00+0100,68.08436319034105
2026-01-04T07:00:00+0100,69.23792609758812
2026-01-04T08:00:00+0100,76.34612620784375
2026-01-04T09:00:00+0100,82.57835225037401
2026-01-04T10:00:00+0100,85.02056255967216
2026-01-04T11:00:00+0100,87.49281626380704
2026-01-04T12:00:00+0100,88.0670269670903
2026-01-04T13:00:00+0100,89.79860803366623
2026-01-04T14:00:00+0100,91.41139242208325
2026-01-04T15:00:00+0100,95.79062963905636
2026-01-04T16:00:00+0100,106.39185123732278
2026-01-04T17:00:00+0100,109.46010146534857
2026-01-04T18:00:00+0100,109.94172980277745
2026-01-04T19:00:00+0100,108.84117607713318
2026-01-04T20:00:00+0100,101.15175129000741
2026-01-04T21:00:00+0100,96.44546868378839
2026-01-04T22:00:00+0100,93.47309386583271
2026-01-04T23:00:00+0100,99.54317759377903
2026-01-05T00:00:00+0100,98.7574990150847
2026-01-05T01:00:00+0100,96.7047039774356
2026-01-05T02:00:00+0100,91.49149153873458
2026-01-05T03:00:00+0100,92.81401067699137
2026-01-05T04:00:00+0100,93.6023967056273
2026-01-05T05:00:00+0100,99.85802693839143
2026-01-05T06:00:00+0100,102.0029713011746
2026-01-05T07:00:00+0100,134.86846998773584
2026-01-05T08:00:00+0100,144.6590404886319
2026-01-05T09:00:00+0100,140.1951048358097
2026-01-05T10:00:00+0100,129.96846406964357
2026-01-05T11:00:00+0100,133.95210229801103
2026-01-05T12:00:00+0100,135.74680816984133
2026-01-05T13:00:00+0100,147.40913454275028
2026-01-05T14:00:00+0100,148.25808230293984
2026-01-05T15:00:00+0100,153.47054006539528
2026-01-05T16:00:00+0100,167.96905034436293
2026-01-05T17:00:00+0100,177.17548513146056
2026-01-05T18:00:00+0100,175.32761102197708
2026-01-05T19:00:00+0100,174.3495765456523
2026-01-05T20:00:00+0100,156.03382581384713
2026-01-05T21:00:00+0100,141.6306146954677
2026-01-05T22:00:00+0100,135.19942264005306
2026-01-05T23:00:00+0100,131.46395074259414
2026-01-06T00:00:00+0100,112.9089927643971
2026-01-06T01:00:00+0100,109.11933958117268
2026-01-06T02:00:00+0100,107.14537793816221
2026-01-06T03:00:00+0100,106.22013927875987
2026-01-06T04:00:00+0100,105.40698100068695
2026-01-06T05:00:00+0100,110.12107825774386
2026-01-06T06:00:00+0100,120.53244511216823
2026-01-06T07:00:00+0100,155.7404692483325
2026-01-06T08:00:00+0100,206.49915462275433
2026-01-06T09:00:00+0100,198.30111568790312
2026-01-06T10:00:00+0100,180.94254174268283
2026-01-06T11:00:00+0100,177.58685915049486
2026-01-06T12:00:00+0100,177.0094318124185
2026-01-06T13:00:00+0100,160.05539904184707
2026-01-06T14:00:00+0100,160.4237970314952
2026-01-06T15:00:00+0100,166.31991664865305
2026-01-06T16:00:00+0100,181.7217991920307
2026-01-06T17:00:00+0100,195.40261638076828
2026-01-06T18:00:00+0100,180.40324197914634
2026-01-06T19:00:00+0100,170.65663150447293
2026-01-06T20:00:00+0100,150.57490993070527
2026-01-06T21:00:00+0100,134.48128534283148
2026-01-06T22:00:00+0100,129.31359796271227
2026-01-06T23:00:00+0100,115.17960499381388
2026-01-07T00:00:00+0100,114.1098405674032
2026-01-07T01:00:00+0100,105.00807466802992
2026-01-07T02:00:00+0100,98.01857800831718
2026-01-07T03:00:00+0100,90.71794132645293
2026-01-07T04:00:00+0100,91.76139300122725
2026-01-07T05:00:00+0100,96.05144506085554
2026-01-07T06:00:00+0100,106.90263307714962
2026-01-07T07:00:00+0100,117.93929468214914
2026-01-07T08:00:00+0100,122.06149772833761
2026-01-07T09:00:00+0100,118.00674306906325
2026-01-07T10:00:00+0100,105.59363769251365
2026-01-07T11:00:00+0100,94.55774601634427
2026-01-07T12:00:00+0100,89.05681607651998
2026-01-07T13:00:00+0100,97.08534243149575
2026-01-07T14:00:00+0100,100.97357887315447
2026-01-07T15:00:00+0100,101.3032440317112
2026-01-07T16:00:00+0100,115.76448014071444
2026-01-07T17:00:00+0100,110.84623099769655
2026-01-07T18:00:00+0100,109.4215684714715
2026-01-07T19:00:00+0100,100.78718473275816
2026-01-07T20:00:00+0100,99.00091204361678
2026-01-07T21:00:00+0100,95.12488238271563
2026-01-07T22:00:00+0100,97.68809105308613
2026-01-07T23:00:00+0100,92.44577092985743
2026-01-08T00:00:00+0100,91.37882865951326
2026-01-08T01:00:00+0100,86.19286635763723
2026-01-08T02:00:00+0100,84.19713483067116
2026-01-08T03:00:00+0100,84.17700576866216
2026-01-08T04:00:00+0100,89.43371333162187
2026-01-08T05:00:00+0100,93.78837652179908
2026-01-08T06:00:00+0100,106.89324563740873
2026-01-08T07:00:00+0100,129.00302623337853
2026-01-08T08:00:00+0100,188.23392914548913
2026-01-08T09:00:00+0100,190.33275961889825
2026-01-08T10:00:00+0100,191.98834577468273
2026-01-08T11:00:00+0100,158.53051967303728
2026-01-08T12:00:00+0100,158.9123765683698
2026-01-08T13:00:00+0100,163.5983216066652
2026-01-08T14:00:00+0100,170.26724837588384
2026-01-08T15:00:00+0100,155.64922114262538
2026-01-08T16:00:00+0100,188.83517480943715
2026-01-08T17:00:00+0100,205.544719783309
2026-01-08T18:00:00+0100,197.21340871869114
2026-01-08T19:00:00+0100,194.29201643614917
2026-01-08T20:00:00+0100,168.48913759251104
2026-01-08T21:00:00+0100,117.069388413023
2026-01-08T22:00:00+0100,102.74077904595663
2026-01-08T23:00:00+0100,88.37521048565306
2026-01-09T00:00:00+0100,67.01970233047328
2026-01-09T01:00:00+0100,53.585237421245175
2026-01-09T02:00:00+0100,36.8249457628266
2026-01-09T03:00:00+0100,28.79246905490484
2026-01-09T04:00:00+0100,24.865217716306873
2026-01-09T05:00:00+0100,24.54151378017206
2026-01-09T06:00:00+0100,50.24728723631518
2026-01-09T07:00:00+0100,66.69451491380308
2026-01-09T08:00:00+0100,83.17665055735768
2026-01-09T09:00:00+0100,84.06031094239104
2026-01-09T10:00:00+0100,77.00840204326644
2026-01-09T11:00:00+0100,73.21161694639908
2026-01-09T12:00:00+0100,72.16115208457634
2026-01-09T13:00:00+0100,73.02421956132807
2026-01-09T14:00:00+0100,56.6685190252794
2026-01-09T15:00:00+0100,65.49265508743565
2026-01-09T16:00:00+0100,78.86686504066951
2026-01-09T17:00:00+0100,86.32247999357658
2026-01-09T18:00:00+0100,87.94346349954182
2026-01-09T19:00:00+0100,74.14212371365281
2026-01-09T20:00:00+0100,70.7740298212657
2026-01-09T21:00:00+0100,69.42959073732817
2026-01-09T22:00:00+0100,65.27208583598863
2026-01-09T23:00:00+0100,51.92598346670036
2026-01-10T00:00:00+0100,31.302610517092056
2026-01-10T01:00:00+0100,27.630142904758255
2026-01-10T02:00:00+0100,34.70705935833456
2026-01-10T03:00:00+0100,40.23331304316594
2026-01-10T04:00:00+0100,44.82703695520594
2026-01-10T05:00:00+0100,43.46190201397812
2026-01-10T06:00:00+0100,44.99991214081349
2026-01-10T07:00:00+0100,63.80193851577338
2026-01-10T08:00:00+0100,70.4728211767923
2026-01-10T09:00:00+0100,90.21012319773152
2026-01-10T10:00:00+0100,96.6634774016009
2026-01-10T11:00:00+0100,104.80935570308958
2026-01-10T12:00:00+0100,105.46185053205163
2026-01-10T13:00:00+0100,93.28990794585629
2026-01-10T14:00:00+0100,105.71755969085186
2026-01-10T15:00:00+0100,117.68854950091286
2026-01-10T16:00:00+0100,123.66443493456657
2026-01-10T17:00:00+0100,137.0150462027577
2026-01-10T18:00:00+0100,125.12595847963567
2026-01-10T19:00:00+0100,123.9560307848983
2026-01-10T20:00:00+0100,117.2279081197785
2026-01-10T21:00:00+0100,117.87451664468621
2026-01-10T22:00:00+0100,119.41492743989322
2026-01-10T23:00:00+0100,113.89825222784383
2026-01-11T00:00:00+0100,106.73287267429967
2026-01-11T01:00:00+0100,106.06690371708571
2026-01-11T02:00:00+0100,104.47812715956101
2026-01-11T03:00:00+0100,102.78274178622999
2026-01-11T04:00:00+0100,102.45639016783436
2026-01-11T05:00:00+0100,101.871307351849
2026-01-11T06:00:00+0100,103.35803528610484
2026-01-11T07:00:00+0100,107.93243704054119
2026-01-11T08:00:00+0100,112.36874744785095
2026-01-11T09:00:00+0100,112.80981085608838
2026-01-11T10:00:00+0100,110.60774505591252
2026-01-11T11:00:00+0100,104.3706866824546
2026-01-11T12:00:00+0100,104.43031685247685
2026-01-11T13:00:00+0100,109.60069281744606
2026-01-11T14:00:00+0100,118.47200118274819
2026-01-11T15:00:00+0100,120.27408112083184
2026-01-11T16:00:00+0100,121.2579083421848
2026-01-11T17:00:00+0100,123.52517989718231
2026-01-11T18:00:00+0100,124.90011941573052
2026-01-11T19:00:00+0100,119.78728153566695
2026-01-11T20:00:00+0100,115.82441972401008
2026-01-11T21:00:00+0100,114.12025653744669
2026-01-11T22:00:00+0100,105.33173576321943
2026-01-11T23:00:00+0100,94.32593773903791
2026-01-12T00:00:00+0100,88.25003619902566
2026-01-12T01:00:00+0100,87.20139120977825
2026-01-12T02:00:00+0100,84.64639568894052
2026-01-12T03:00:00+0100,79.37581507445283
2026-01-12T04:00:00+0100,80.85399535239281
2026-01-12T05:00:00+0100,90.8320352064134
2026-01-12T06:00:00+0100,102.39889022171043
2026-01-12T07:00:00+0100,111.31546871647768
2026-01-12T08:00:00+0100,121.18528364999096
2026-01-12T09:00:00+0100,130.09025759529646
2026-01-12T10:00:00+0100,137.268966120324
2026-01-12T11:00:00+0100,132.096810420937
2026-01-12T12:00:00+0100,132.21674011185772
2026-01-12T13:00:00+0100,140.73422394396354
2026-01-12T14:00:00+0100,142.33194216155692
2026-01-12T15:00:00+0100,147.68843490880923
2026-01-12T16:00:00+0100,148.49795347269497
2026-01-12T17:00:00+0100,156.4029806024844
2026-01-12T18:00:00+0100,149.97235031979278
2026-01-12T19:00:00+0100,142.7343198014935
2026-01-12T20:00:00+0100,139.92439250498327
2026-01-12T21:00:00+0100,131.6479930344539
2026-01-12T22:00:00+0100,128.708647346362
2026-01-12T23:00:00+0100,113.88593898642235
2026-01-13T00:00:00+0100,93.83859053356704
2026-01-13T01:00:00+0100,88.66190598073402
2026-01-13T02:00:00+0100,87.43439982689722
2026-01-13T03:00:00+0100,88.55429499426234
2026-01-13T04:00:00+0100,93.67538825504064
2026-01-13T05:00:00+0100,98.85674389109393
2026-01-13T06:00:00+0100,116.9953204523031
2026-01-13T07:00:00+0100,144.8261968418949
2026-01-13T08:00:00+0100,175.89255858441678
2026-01-13T09:00:00+0100,182.36230073581672
2026-01-13T10:00:00+0100,172.67611693892633
2026-01-13T11:00:00+0100,178.47809121745738
2026-01-13T12:00:00+0100,169.53889231116574
2026-01-13T13:00:00+0100,166.16745221711412
2026-01-13T14:00:00+0100,167.22037058916064
2026-01-13T15:00:00+0100,179.94323025403838
2026-01-13T16:00:00+0100,178.69969933045908
2026-01-13T17:00:00+0100,162.0028380951199
2026-01-13T18:00:00+0100,161.02052849098052
2026-01-13T19:00:00+0100,122.22153207133252
2026-01-13T20:00:00+0100,116.38461404143844
2026-01-13T21:00:00+0100,103.57104014482805
2026-01-13T22:00:00+0100,94.28396956304186
2026-01-13T23:00:00+0100,84.54400861165027
2026-01-14T00:00:00+0100,87.0647782899906
2026-01-14T01:00:00+0100,80.39823714866314
2026-01-14T02:00:00+0100,80.8621918044576
2026-01-14T03:00:00+0100,82.1576510613745
2026-01-14T04:00:00+0100,84.28851120052055
2026-01-14T05:00:00+0100,94.42618623610979
2026-01-14T06:00:00+0100,102.8339964653686
2026-01-14T07:00:00+0100,130.16238731052601
2026-01-14T08:00:00+0100,142.95055099412963
2026-01-14T09:00:00+0100,139.61564307405587
2026-01-14T10:00:00+0100,137.43451164535028
2026-01-14T11:00:00+0100,154.98590063477656
2026-01-14T12:00:00+0100,131.60351979556822
2026-01-14T13:00:00+0100,136.24799509883945
2026-01-14T14:00:00+0100,146.3959484388665
2026-01-14T15:00:00+0100,166.62028752602194
2026-01-14T16:00:00+0100,179.65613821522524
2026-01-14T17:00:00+0100,239.1757801818013
2026-01-14T18:00:00+0100,231.83918410679848
2026-01-14T19:00:00+0100,179.0990813215504
2026-01-14T20:00:00+0100,155.50724570487017
2026-01-14T21:00:00+0100,121.64380040685323
2026-01-14T22:00:00+0100,120.12397245979558
2026-01-14T23:00:00+0100,116.4351907857941
2026-01-15T00:00:00+0100,109.039847027831
2026-01-15T01:00:00+0100,106.10958125008192
2026-01-15T02:00:00+0100,103.37805363280737
2026-01-15T03:00:00+0100,101.00084668118073
2026-01-15T04:00:00+0100,98.20641306236985
2026-01-15T05:00:00+0100,101.19660835828016
2026-01-15T06:00:00+0100,100.9397932483222
2026-01-15T07:00:00+0100,119.9623567337533
2026-01-15T08:00:00+0100,141.1684082413315
2026-01-15T09:00:00+0100,132.7979851694194
2026-01-15T10:00:00+0100,117.90066632576179
2026-01-15T11:00:00+0100,110.02664417146741
2026-01-15T12:00:00+0100,108.50428538399235
2026-01-15T13:00:00+0100,112.29417576457878
2026-01-15T14:00:00+0100,131.73306148029914
2026-01-15T15:00:00+0100,148.81411318892498
2026-01-15T16:00:00+0100,168.42836774696696
2026-01-15T17:00:00+0100,165.73843911437362
2026-01-15T18:00:00+0100,158.23695265507016
2026-01-15T19:00:00+0100,142.24698832104784
2026-01-15T20:00:00+0100,123.63812252058624
2026-01-15T21:00:00+0100,108.27421064102819
2026-01-15T22:00:00+0100,97.79515495870946
2026-01-15T23:00:00+0100,80.39878574682699
2026-01-16T00:00:00+0100,54.634092218207
2026-01-16T01:00:00+0100,51.449457144800874
2026-01-16T02:00:00+0100,41.52434424563165
2026-01-16T03:00:00+0100,42.08124371033579
2026-01-16T04:00:00+0100,42.99397367644535
2026-01-16T05:00:00+0100,52.81376810866061
2026-01-16T06:00:00+0100,78.94045357737019
2026-01-16T07:00:00+0100,99.21024793224845
2026-01-16T08:00:00+0100,100.89968092698732
2026-01-16T09:00:00+0100,103.85935529472432
2026-01-16T10:00:00+0100,88.79638477187093
2026-01-16T11:00:00+0100,87.6271172463087
2026-01-16T12:00:00+0100,91.43247251409971
2026-01-16T13:00:00+0100,103.56261338459448
2026-01-16T14:00:00+0100,127.54732600760323
2026-01-16T15:00:00+0100,135.38271446238653
2026-01-16T16:00:00+0100,162.52856210647334
2026-01-16T17:00:00+0100,176.95726427723966
2026-01-16T18:00:00+0100,187.05230029601523
2026-01-16T19:00:00+0100,150.37085770919168
2026-01-16T20:00:00+0100,126.42181840732904
2026-01-16T21:00:00+0100,123.12597973881681
2026-01-16T22:00:00+0100,120.87134991922281
2026-01-16T23:00:00+0100,116.63702276256758
2026-01-17T00:00:00+0100,108.38402833336997
2026-01-17T01:00:00+0100,105.61375461668403
2026-01-17T02:00:00+0100,104.02497805915934
2026-01-17T03:00:00+0100,102.80422884825731
2026-01-17T04:00:00+0100,102.31153752963041
2026-01-17T05:00:00+0100,104.41850685944745
2026-01-17T06:00:00+0100,106.14294125364465
2026-01-17T07:00:00+0100,121.12641576118872
2026-01-17T08:00:00+0100,176.54467934537413
2026-01-17T09:00:00+0100,168.42028700468376
2026-01-17T10:00:00+0100,112.22288096300603
2026-01-17T11:00:00+0100,107.8942577719886
2026-01-17T12:00:00+0100,108.02641722094354
2026-01-17T13:00:00+0100,107.97924400544555
2026-01-17T14:00:00+0100,114.96018074116756
2026-01-17T15:00:00+0100,121.39107247382667
2026-01-17T16:00:00+0100,131.72667583792133
2026-01-17T17:00:00+0100,137.0170402317275
2026-01-17T18:00:00+0100,132.37190522259112
2026-01-17T19:00:00+0100,120.56334993243324
2026-01-17T20:00:00+0100,115.48370456808668
2026-01-17T21:00:00+0100,112.42337143644673
2026-01-17T22:00:00+0100,112.22182938106441
2026-01-17T23:00:00+0100,104.66528050362392
2026-01-18T00:00:00+0100,103.36279034618664
2026-01-18T01:00:00+0100,99.20758202604412
2026-01-18T02:00:00+0100,96.89231163835994
2026-01-18T03:00:00+0100,96.75970295653285
2026-01-18T04:00:00+0100,97.9393216340218
2026-01-18T05:00:00+0100,98.62413483811243
2026-01-18T06:00:00+0100,98.43501075631765
2026-01-18T07:00:00+0100,97.17192900066664
2026-01-18T08:00:00+0100,100.96265349134143
2026-01-18T09:00:00+0100,97.28044280271853
2026-01-18T10:00:00+0100,96.50525727865448
2026-01-18T11:00:00+0100,92.0082265938895
2026-01-18T12:00:00+0100,92.4216080221159
2026-01-18T13:00:00+0100,91.64917334141859
2026-01-18T14:00:00+0100,97.71351074093258
2026-01-18T15:00:00+0100,105.3993586676312
2026-01-18T16:00:00+0100,114.45860736574592
2026-01-18T17:00:00+0100,114.36812641679134
2026-01-18T18:00:00+0100,113.32651206471306
2026-01-18T19:00:00+0100,118.42174347247773
2026-01-18T20:00:00+0100,101.10989944367135
2026-01-18T21:00:00+0100,101.23276007652295
2026-01-18T22:00:00+0100,98.76107574045777
2026-01-18T23:00:00+0100,90.31339239353446
2026-01-19T00:00:00+0100,106.82444850620918
2026-01-19T01:00:00+0100,98.59425840669215
2026-01-19T02:00:00+0100,93.427532351873
2026-01-19T03:00:00+0100,88.27842676129247
2026-01-19T04:00:00+0100,96.00831631573536
2026-01-19T05:00:00+0100,103.76092401131535
2026-01-19T06:00:00+0100,105.82869191251359
2026-01-19T07:00:00+0100,128.9663661466334
2026-01-19T08:00:00+0100,136.45040995609713
2026-01-19T09:00:00+0100,130.05443538757433
2026-01-19T10:00:00+0100,115.94523679670574
2026-01-19T11:00:00+0100,116.78388396416779
2026-01-19T12:00:00+0100,118.10223230982662
2026-01-19T13:00:00+0100,115.32302142717454
2026-01-19T14:00:00+0100,124.58543371785021
2026-01-19T15:00:00+0100,148.87850181511746
2026-01-19T16:00:00+0100,164.5376989724029
2026-01-19T17:00:00+0100,182.56191121037898
2026-01-19T18:00:00+0100,188.8033853443845
2026-01-19T19:00:00+0100,180.10165319968542
2026-01-19T20:00:00+0100,169.34732924802913
2026-01-19T21:00:00+0100,150.20206295114306
2026-01-19T22:00:00+0100,147.24070966072944
2026-01-19T23:00:00+0100,132.82350628083117
2026-01-20T00:00:00+0100,110.39836164708561
2026-01-20T01:00:00+0100,108.37610724197987
2026-01-20T02:00:00+0100,108.65842261667173
2026-01-20T03:00:00+0100,107.6312512751884
2026-01-20T04:00:00+0100,107.6312512751884
2026-01-20T05:00:00+0100,111.64432904531225
2026-01-20T06:00:00+0100,138.07442767305815
2026-01-20T07:00:00+0100,237.86366310913584
2026-01-20T08:00:00+0100,239.0262324010079
2026-01-20T09:00:00+0100,196.84258718165594
2026-01-20T10:00:00+0100,176.79092021772894
2026-01-20T11:00:00+0100,154.54349738215018
2026-01-20T12:00:00+0100,133.6806300649791
2026-01-20T13:00:00+0100,140.57562652395995
2026-01-20T14:00:00+0100,157.34114837191095
2026-01-20T15:00:00+0100,180.52484361424573
2026-01-20T16:00:00+0100,243.04246340378435
2026-01-20T17:00:00+0100,243.28180353206315
2026-01-20T18:00:00+0100,219.55509793484327
2026-01-20T19:00:00+0100,189.1047221678931
2026-01-20T20:00:00+0100,167.76691542702943
2026-01-20T21:00:00+0100,143.28813950906255
2026-01-20T22:00:00+0100,139.92153596832628
2026-01-20T23:00:00+0100,132.12875298471468
2026-01-21T00:00:00+0100,115.0042779614563
2026-01-21T01:00:00+0100,112.05149321002209
2026-01-21T02:00:00+0100,110.1254897276839
2026-01-21T03:00:00+0100,109.86799359451997
2026-01-21T04:00:00+0100,110.09590923377709
2026-01-21T05:00:00+0100,119.95994747439623
2026-01-21T06:00:00+0100,150.14246567362423
2026-01-21T07:00:00+0100,183.9091994740649
2026-01-21T08:00:00+0100,195.05332494145924
2026-01-21T09:00:00+0100,176.33113788814356
2026-01-21T10:00:00+0100,156.25922120179789
2026-01-21T11:00:00+0100,122.72342198277076
2026-01-21T12:00:00+0100,106.26099518255457
2026-01-21T13:00:00+0100,108.56456190526764
2026-01-21T14:00:00+0100,140.87967679710403
2026-01-21T15:00:00+0100,151.32539649261707
2026-01-21T16:00:00+0100,167.96982566420527
2026-01-21T17:00:00+0100,183.61723202173735
2026-01-21T18:00:00+0100,179.58720550790397
2026-01-21T19:00:00+0100,178.93141785057497
2026-01-21T20:00:00+0100,156.7934929193974
2026-01-21T21:00:00+0100,140.23587613612233
2026-01-21T22:00:00+0100,120.63134499411808
2026-01-21T23:00:00+0100,108.08002296337689
2026-01-22T00:00:00+0100,99.97816778655044
2026-01-22T01:00:00+0100,97.19256287876914
2026-01-22T02:00:00+0100,91.12116021044781
2026-01-22T03:00:00+0100,92.60123694400065
2026-01-22T04:00:00+0100,93.42347742927299
2026-01-22T05:00:00+0100,98.80653662217343
2026-01-22T06:00:00+0100,110.82989680300926
2026-01-22T07:00:00+0100,158.60889058230563
2026-01-22T08:00:00+0100,159.86863131235253
2026-01-22T09:00:00+0100,145.4298466329789
2026-01-22T10:00:00+0100,109.89084937664485
2026-01-22T11:00:00+0100,88.77163926495156
2026-01-22T12:00:00+0100,73.33063465088281
2026-01-22T13:00:00+0100,83.37301036483937
2026-01-22T14:00:00+0100,100.55410228712043
2026-01-22T15:00:00+0100,127.66029538152078
2026-01-22T16:00:00+0100,142.38013488407742
2026-01-22T17:00:00+0100,163.26607346059512
2026-01-22T18:00:00+0100,162.18295036085829
2026-01-22T19:00:00+0100,169.1497220549763
2026-01-22T20:00:00+0100,127.33329226906183
2026-01-22T21:00:00+0100,113.05097368915143
2026-01-22T22:00:00+0100,109.91948975825218
2026-01-22T23:00:00+0100,103.65379624532765
2026-01-23T00:00:00+0100,101.06593736412013
2026-01-23T01:00:00+0100,99.76670756537793
2026-01-23T02:00:00+0100,97.30887573778708
2026-01-23T03:00:00+0100,94.70642704924994
2026-01-23T04:00:00+0100,95.19506155515859
2026-01-23T05:00:00+0100,98.61340143937343
2026-01-23T06:00:00+0100,105.46002882112305
2026-01-23T07:00:00+0100,166.1734575491184
2026-01-23T08:00:00+0100,154.72254080704897
2026-01-23T09:00:00+0100,129.09380657023098
2026-01-23T10:00:00+0100,104.69945266238966
2026-01-23T11:00:00+0100,94.56508727899696
2026-01-23T12:00:00+0100,83.67462814676153
2026-01-23T13:00:00+0100,84.55598119290518
2026-01-23T14:00:00+0100,99.00314728329494
2026-01-23T15:00:00+0100,112.8513485904443
2026-01-23T16:00:00+0100,135.60418412713707
2026-01-23T17:00:00+0100,133.6356076289192
2026-01-23T18:00:00+0100,130.82593605793656
2026-01-23T19:00:00+0100,128.67924205124095
2026-01-23T20:00:00+0100,113.21516391278452
2026-01-23T21:00:00+0100,113.21461236919993
2026-01-23T22:00:00+0100,101.14176112259902
2026-01-23T23:00:00+0100,94.23905733036405
2026-01-24T00:00:00+0100,82.51448914058716
2026-01-24T01:00:00+0100,83.35429892892198
2026-01-24T02:00:00+0100,84.63323489567503
2026-01-24T03:00:00+0100,84.5738267691986
2026-01-24T04:00:00+0100,89.45844750524259
2026-01-24T05:00:00+0100,91.26878648349911
2026-01-24T06:00:00+0100,93.69228126713446
2026-01-24T07:00:00+0100,143.4773800798645
2026-01-24T08:00:00+0100,136.41989150714923
2026-01-24T09:00:00+0100,134.54133887959557
2026-01-24T10:00:00+0100,139.7710061112009
2026-01-24T11:00:00+0100,107.9765076597078
2026-01-24T12:00:00+0100,110.44803655438693
2026-01-24T13:00:00+0100,91.82050257972058
2026-01-24T14:00:00+0100,99.44975225213497
2026-01-24T15:00:00+0100,108.02380401090039
2026-01-24T16:00:00+0100,128.96388687802647
2026-01-24T17:00:00+0100,159.1940364293129
2026-01-24T18:00:00+0100,152.20527098060415
2026-01-24T19:00:00+0100,125.37656695370485
2026-01-24T20:00:00+0100,117.03138188083443
2026-01-24T21:00:00+0100,113.82792932137235
2026-01-24T22:00:00+0100,117.52145244080911
2026-01-24T23:00:00+0100,112.44526057100599
2026-01-25T00:00:00+0100,101.73251843350872
2026-01-25T01:00:00+0100,99.05944604964276
2026-01-25T02:00:00+0100,97.94212649455513
2026-01-25T03:00:00+0100,97.90955697723233
2026-01-25T04:00:00+0100,97.95782783234498
2026-01-25T05:00:00+0100,96.47764637626307
2026-01-25T06:00:00+0100,98.15099133001533
2026-01-25T07:00:00+0100,104.06021153144854
2026-01-25T08:00:00+0100,112.74090223832837
2026-01-25T09:00:00+0100,112.68416054039373
2026-01-25T10:00:00+0100,110.43631637863949
2026-01-25T11:00:00+0100,107.33102669732659
2026-01-25T12:00:00+0100,103.53011857853805
2026-01-25T13:00:00+0100,102.02734192527389
2026-01-25T14:00:00+0100,104.56307776483
2026-01-25T15:00:00+0100,112.31424005252703
2026-01-25T16:00:00+0100,112.39889596984013
2026-01-25T17:00:00+0100,115.86671930907819
2026-01-25T18:00:00+0100,120.67130405519953
2026-01-25T19:00:00+0100,117.61302044590656
2026-01-25T20:00:00+0100,113.73516413256812
2026-01-25T21:00:00+0100,112.48009411538342
2026-01-25T22:00:00+0100,110.54252438815526
2026-01-25T23:00:00+0100,102.29821642433147
2026-01-26T00:00:00+0100,101.31793905579055
2026-01-26T01:00:00+0100,100.25451546158813
2026-01-26T02:00:00+0100,94.96937562488111
2026-01-26T03:00:00+0100,91.50097508663123
2026-01-26T04:00:00+0100,92.06189202085933
2026-01-26T05:00:00+0100,100.95661278777797
2026-01-26T06:00:00+0100,110.5732953889668
2026-01-26T07:00:00+0100,137.51745317348707
2026-01-26T08:00:00+0100,146.8961764318925
2026-01-26T09:00:00+0100,149.83514553908773
2026-01-26T10:00:00+0100,146.24395832432063
2026-01-26T11:00:00+0100,142.35842814211878
2026-01-26T12:00:00+0100,141.77216985154269
2026-01-26T13:00:00+0100,140.79194817366428
2026-01-26T14:00:00+0100,156.15425845060113
2026-01-26T15:00:00+0100,164.49994868935502
2026-01-26T16:00:00+0100,174.13768282569558
2026-01-26T17:00:00+0100,180.55066960537818
2026-01-26T18:00:00+0100,184.10402547514175
2026-01-26T19:00:00+0100,181.2603964442247
2026-01-26T20:00:00+0100,189.65689336067157
2026-01-26T21:00:00+0100,172.24321856033515
2026-01-26T22:00:00+0100,153.27017056547962
2026-01-26T23:00:00+0100,138.0087668810053
2026-01-27T00:00:00+0100,112.38980225638893
2026-01-27T01:00:00+0100,112.4961426954205
2026-01-27T02:00:00+0100,110.62895253740274
2026-01-27T03:00:00+0100,109.68129820580563
2026-01-27T04:00:00+0100,109.68129820580563
2026-01-27T05:00:00+0100,117.28435992801708
2026-01-27T06:00:00+0100,165.74975767487362
2026-01-27T07:00:00+0100,214.38122684479507
2026-01-27T08:00:00+0100,228.59144773239836
2026-01-27T09:00:00+0100,206.0408254710608
2026-01-27T10:00:00+0100,180.711331479141
2026-01-27T11:00:00+0100,172.97294706732902
2026-01-27T12:00:00+0100,171.57756899527266
2026-01-27T13:00:00+0100,168.77624287599866
2026-01-27T14:00:00+0100,169.61693426047395
2026-01-27T15:00:00+0100,171.111764120932
2026-01-27T16:00:00+0100,164.91933381811344
2026-01-27T17:00:00+0100,168.95273212978384
2026-01-27T18:00:00+0100,165.05971832968993
2026-01-27T19:00:00+0100,157.9475143940391
2026-01-27T20:00:00+0100,150.97649606005493
2026-01-27T21:00:00+0100,130.24531175275342
2026-01-27T22:00:00+0100,121.9786476804086
2026-01-27T23:00:00+0100,112.09249179055928
2026-01-28T00:00:00+0100,119.16510064710798
2026-01-28T01:00:00+0100,110.38387039125907
2026-01-28T02:00:00+0100,104.88418587049506
2026-01-28T03:00:00+0100,105.68572626308804
2026-01-28T04:00:00+0100,108.86419836828057
2026-01-28T05:00:00+0100,110.84274525517054
2026-01-28T06:00:00+0100,121.89269347932985
2026-01-28T07:00:00+0100,169.82753449199404
2026-01-28T08:00:00+0100,185.0518261089335
2026-01-28T09:00:00+0100,183.86604387175493
2026-01-28T10:00:00+0100,179.62246551711416
2026-01-28T11:00:00+0100,182.39746802111915
2026-01-28T12:00:00+0100,180.21872124889228
2026-01-28T13:00:00+0100,144.7601318208068
2026-01-28T14:00:00+0100,149.20830707831973
2026-01-28T15:00:00+0100,145.74872477200026
2026-01-28T16:00:00+0100,147.96709132538706
2026-01-28T17:00:00+0100,171.27997300933148
2026-01-28T18:00:00+0100,166.25509414595822
2026-01-28T19:00:00+0100,171.3758340722424
2026-01-28T20:00:00+0100,141.01617342454819
2026-01-28T21:00:00+0100,119.72588936394219
2026-01-28T22:00:00+0100,116.58919738486773
2026-01-28T23:00:00+0100,104.08103503094253
2026-01-29T00:00:00+0100,98.47667056213089
2026-01-29T01:00:00+0100,97.8089275281129
2026-01-29T02:00:00+0100,99.64175606232355
2026-01-29T03:00:00+0100,98.03856767178347
2026-01-29T04:00:00+0100,99.73205938310339
2026-01-29T05:00:00+0100,103.8967446579609
2026-01-29T06:00:00+0100,111.16854675010632
2026-01-29T07:00:00+0100,142.23499131844608
2026-01-29T08:00:00+0100,166.40613447907194
2026-01-29T09:00:00+0100,165.99792927679758
2026-01-29T10:00:00+0100,159.93534372101837
2026-01-29T11:00:00+0100,158.10870044922132
2026-01-29T12:00:00+0100,160.75365005006708
2026-01-29T13:00:00+0100,162.75322514225738
2026-01-29T14:00:00+0100,167.493867964526
2026-01-29T15:00:00+0100,149.81898924971182
2026-01-29T16:00:00+0100,164.5616466159503
2026-01-29T17:00:00+0100,167.06605846718986
2026-01-29T18:00:00+0100,164.3899570697476
2026-01-29T19:00:00+0100,163.6326605278482
2026-01-29T20:00:00+0100,140.40916199593224
2026-01-29T21:00:00+0100,121.41926431146044
2026-01-29T22:00:00+0100,116.58887492385686
2026-01-29T23:00:00+0100,106.17451358219955
2026-01-30T00:00:00+0100,109.14382047680724
2026-01-30T01:00:00+0100,103.37868999534398
2026-01-30T02:00:00+0100,100.7064255492884
2026-01-30T03:00:00+0100,99.01393290579472
2026-01-30T04:00:00+0100,99.40523703306226
2026-01-30T05:00:00+0100,105.94177265900991
2026-01-30T06:00:00+0100,112.9457622525153
2026-01-30T07:00:00+0100,140.85803477935428
2026-01-30T08:00:00+0100,153.3922725986172
2026-01-30T09:00:00+0100,156.59592173407603
2026-01-30T10:00:00+0100,144.87503407797237
2026-01-30T11:00:00+0100,138.67795389602801
2026-01-30T12:00:00+0100,135.9357407712062
2026-01-30T13:00:00+0100,135.03009586264415
2026-01-30T14:00:00+0100,141.45243225694162
2026-01-30T15:00:00+0100,142.33140632919552
2026-01-30T16:00:00+0100,144.1149789169468
2026-01-30T17:00:00+0100,143.91203018922454
2026-01-30T18:00:00+0100,140.90547787446897
2026-01-30T19:00:00+0100,139.5927824768849
2026-01-30T20:00:00+0100,119.03667337865113
2026-01-30T21:00:00+0100,108.37865872447233
2026-01-30T22:00:00+0100,99.939376963169
2026-01-30T23:00:00+0100,93.33593821217787
2026-01-31T00:00:00+0100,85.19887050044903
2026-01-31T01:00:00+0100,80.71364401105099
2026-01-31T02:00:00+0100,75.34253823143989
2026-01-31T03:00:00+0100,76.77382802097435
2026-01-31T04:00:00+0100,76.56219922018255
2026-01-31T05:00:00+0100,77.21132465533584
2026-01-31T06:00:00+0100,76.92601133889276
2026-01-31T07:00:00+0100,91.79921939360298
2026-01-31T08:00:00+0100,110.55564473439425
2026-01-31T09:00:00+0100,113.91841852313786
2026-01-31T10:00:00+0100,115.55154970472408
2026-01-31T11:00:00+0100,109.57029435148911
2026-01-31T12:00:00+0100,103.60065117484395
2026-01-31T13:00:00+0100,104.69259932555043
2026-01-31T14:00:00+0100,95.64059150855968
2026-01-31T15:00:00+0100,99.90799934532312
2026-01-31T16:00:00+0100,105.17131868077665
2026-01-31T17:00:00+0100,136.91307406989114
2026-01-31T18:00:00+0100,134.47109105196404
2026-01-31T19:00:00+0100,106.21658433296746
2026-01-31T20:00:00+0100,102.0318346750048
2026-01-31T21:00:00+0100,101.34820840982658
2026-01-31T22:00:00+0100,104.32070570789898
2026-01-31T23:00:00+0100,98.80205467149652
2026-02-01T00:00:00+0100,95.5177427690828
2026-02-01T01:00:00+0100,91.61671919983078
2026-02-01T02:00:00+0100,89.84212124490575
2026-02-01T03:00:00+0100,87.73007853936097
2026-02-01T04:00:00+0100,87.40372692096534
2026-02-01T05:00:00+0100,90.90123952161342
2026-02-01T06:00:00+0100,86.69322860103779
2026-02-01T07:00:00+0100,92.84781297156549
2026-02-01T08:00:00+0100,97.53473299490784
2026-02-01T09:00:00+0100,101.20933261155804
2026-02-01T10:00:00+0100,105.95353766397437
2026-02-01T11:00:00+0100,102.11265603573649
2026-02-01T12:00:00+0100,97.17839422255763
2026-02-01T13:00:00+0100,98.02052232854109
2026-02-01T14:00:00+0100,102.75623670474941
2026-02-01T15:00:00+0100,106.09219827705654
2026-02-01T16:00:00+0100,109.24343686513038
2026-02-01T17:00:00+0100,116.39475792236017
2026-02-01T18:00:00+0100,116.58320100564623
2026-02-01T19:00:00+0100,116.04253371896776
2026-02-01T20:00:00+0100,109.77602067850842
2026-02-01T21:00:00+0100,99.98157469022472
2026-02-01T22:00:00+0100,98.68619522733779
2026-02-01T23:00:00+0100,92.73341491744064
2026-02-02T00:00:00+0100,75.60907719608782
2026-02-02T01:00:00+0100,73.05357911675121
2026-02-02T02:00:00+0100,66.31723980948055
2026-02-02T03:00:00+0100,65.91234192648386
2026-02-02T04:00:00+0100,66.02408281383462
2026-02-02T05:00:00+0100,75.0803065873464
2026-02-02T06:00:00+0100,88.18463534320556
2026-02-02T07:00:00+0100,108.90449531748368
2026-02-02T08:00:00+0100,113.96355903961171
2026-02-02T09:00:00+0100,112.45970238133962
2026-02-02T10:00:00+0100,106.78365285706285
2026-02-02T11:00:00+0100,99.15089941959569
2026-02-02T12:00:00+0100,95.33798721953133
2026-02-02T13:00:00+0100,80.76609508161069
2026-02-02T14:00:00+0100,78.67074987383371
2026-02-02T15:00:00+0100,104.44431937100634
2026-02-02T16:00:00+0100,110.4846773510013
2026-02-02T17:00:00+0100,115.05401627054844
2026-02-02T18:00:00+0100,115.23256979576783
2026-02-02T19:00:00+0100,114.62976481523832
2026-02-02T20:00:00+0100,107.70320314446056
2026-02-02T21:00:00+0100,92.56405899883853
2026-02-02T22:00:00+0100,92.30066862316937
2026-02-02T23:00:00+0100,78.21788321083356
2026-02-03T00:00:00+0100,64.88922737770093
2026-02-03T01:00:00+0100,59.343963133457216
2026-02-03T02:00:00+0100,56.34421931378538
2026-02-03T03:00:00+0100,53.3787373116499
2026-02-03T04:00:00+0100,50.38480456671569
2026-02-03T05:00:00+0100,48.12958236767193
2026-02-03T06:00:00+0100,70.40728778583093
2026-02-03T07:00:00+0100,100.58180768269669
2026-02-03T08:00:00+0100,107.36846529471109
2026-02-03T09:00:00+0100,106.02115752013681
2026-02-03T10:00:00+0100,101.69562116642119
2026-02-03T11:00:00+0100,93.7324544308216
2026-02-03T12:00:00+0100,88.28086500439187
2026-02-03T13:00:00+0100,76.1552903190538
2026-02-03T14:00:00+0100,86.08865983199539
2026-02-03T15:00:00+0100,98.77279721378399
2026-02-03T16:00:00+0100,111.0842976323485
2026-02-03T17:00:00+0100,120.0783122132535
2026-02-03T18:00:00+0100,122.93716397967924
2026-02-03T19:00:00+0100,121.50503072168628
2026-02-03T20:00:00+0100,109.10193425674461
2026-02-03T21:00:00+0100,101.64514997237593
2026-02-03T22:00:00+0100,94.06910159006264
2026-02-03T23:00:00+0100,90.72834378580079
2026-02-04T00:00:00+0100,92.34493507404348
2026-02-04T01:00:00+0100,89.40711755107317
2026-02-04T02:00:00+0100,82.72602432707616
2026-02-04T03:00:00+0100,87.16476003815431
2026-02-04T04:00:00+0100,88.55046053566858
2026-02-04T05:00:00+0100,93.47533105388392
2026-02-04T06:00:00+0100,111.15112926309749
2026-02-04T07:00:00+0100,129.63264341621618
2026-02-04T08:00:00+0100,143.6796224741905
2026-02-04T09:00:00+0100,138.30085041365544
2026-02-04T10:00:00+0100,123.05576571162649
2026-02-04T11:00:00+0100,117.60025786009821
2026-02-04T12:00:00+0100,116.41490604072038
2026-02-04T13:00:00+0100,118.66525398765691
2026-02-04T14:00:00+0100,127.77994450337425
2026-02-04T15:00:00+0100,136.82891646011538
2026-02-04T16:00:00+0100,146.588409411454
2026-02-04T17:00:00+0100,150.9977704503637
2026-02-04T18:00:00+0100,146.69094358246832
2026-02-04T19:00:00+0100,144.8329799622449
2026-02-04T20:00:00+0100,119.16104822573263
2026-02-04T21:00:00+0100,112.16091733011977
2026-02-04T22:00:00+0100,101.42480252798134
2026-02-04T23:00:00+0100,99.83085689185094
2026-02-05T00:00:00+0100,85.64135442375503
2026-02-05T01:00:00+0100,84.44441956646206
2026-02-05T02:00:00+0100,82.18533546591662
2026-02-05T03:00:00+0100,82.68605964567722
2026-02-05T04:00:00+0100,86.92410874293337
2026-02-05T05:00:00+0100,93.31122527540248
2026-02-05T06:00:00+0100,107.69690195268028
2026-02-05T07:00:00+0100,145.2824367771951
2026-02-05T08:00:00+0100,161.61279208867685
2026-02-05T09:00:00+0100,156.56806572112194
2026-02-05T10:00:00+0100,138.18973215335004
2026-02-05T11:00:00+0100,126.5045566823645
2026-02-05T12:00:00+0100,131.95366490646828
2026-02-05T13:00:00+0100,129.22567854464404
2026-02-05T14:00:00+0100,120.055938604429
2026-02-05T15:00:00+0100,131.98987807523585
2026-02-05T16:00:00+0100,143.48510414104058
2026-02-05T17:00:00+0100,166.43356479338044
2026-02-05T18:00:00+0100,160.7109205736102
2026-02-05T19:00:00+0100,152.08914918410593
2026-02-05T20:00:00+0100,132.94670435220672
2026-02-05T21:00:00+0100,120.57826526610137
2026-02-05T22:00:00+0100,120.00708942412865
2026-02-05T23:00:00+0100,111.90752218240277
2026-02-06T00:00:00+0100,104.23553658375614
2026-02-06T01:00:00+0100,102.13033942611138
2026-02-06T02:00:00+0100,100.35695485822727
2026-02-06T03:00:00+0100,99.73471688648577
2026-02-06T04:00:00+0100,102.89913920779806
2026-02-06T05:00:00+0100,107.74129028747394
2026-02-06T06:00:00+0100,129.24023619702962
2026-02-06T07:00:00+0100,180.2745918156686
2026-02-06T08:00:00+0100,181.2447080630475
2026-02-06T09:00:00+0100,173.85879587775557
2026-02-06T10:00:00+0100,161.27457459926924
2026-02-06T11:00:00+0100,168.34739552167758
2026-02-06T12:00:00+0100,172.83820781511804
2026-02-06T13:00:00+0100,174.51219885761785
2026-02-06T14:00:00+0100,153.53946871570193
2026-02-06T15:00:00+0100,149.73811358564848
2026-02-06T16:00:00+0100,151.25954960456934
2026-02-06T17:00:00+0100,192.53589363493487
2026-02-06T18:00:00+0100,180.53273032885795
2026-02-06T19:00:00+0100,161.09918533655218
2026-02-06T20:00:00+0100,149.84700369875947
2026-02-06T21:00:00+0100,119.35271432707741
2026-02-06T22:00:00+0100,120.86686367622794
2026-02-06T23:00:00+0100,114.70896844688153
2026-02-07T00:00:00+0100,103.59633828838676
2026-02-07T01:00:00+0100,101.73638369994636
2026-02-07T02:00:00+0100,100.98244462544685
2026-02-07T03:00:00+0100,99.21169805571701
2026-02-07T04:00:00+0100,99.38074750929026
2026-02-07T05:00:00+0100,100.34902864930946
2026-02-07T06:00:00+0100,113.96978633702916
2026-02-07T07:00:00+0100,147.36323334510237
2026-02-07T08:00:00+0100,184.3283011642901
2026-02-07T09:00:00+0100,167.84801379727503
2026-02-07T10:00:00+0100,154.6764004581101
2026-02-07T11:00:00+0100,152.86968421158394
2026-02-07T12:00:00+0100,157.50125786450656
2026-02-07T13:00:00+0100,122.37720344171747
2026-02-07T14:00:00+0100,121.3362008393852
2026-02-07T15:00:00+0100,132.317297617131
2026-02-07T16:00:00+0100,143.62859729550993
2026-02-07T17:00:00+0100,151.01590026223724
2026-02-07T18:00:00+0100,158.0923338473503
2026-02-07T19:00:00+0100,146.51301766950027
2026-02-07T20:00:00+0100,134.77944305104637
2026-02-07T21:00:00+0100,120.16381977920616
2026-02-07T22:00:00+0100,117.37453680223261
2026-02-07T23:00:00+0100,110.37881511651462
2026-02-08T00:00:00+0100,106.91390830961438
2026-02-08T01:00:00+0100,104.4494154268519
2026-02-08T02:00:00+0100,101.70717214326743
2026-02-08T03:00:00+0100,100.59914605991297
2026-02-08T04:00:00+0100,100.17730443246624
2026-02-08T05:00:00+0100,98.63120556936805
2026-02-08T06:00:00+0100,98.79699669296221
2026-02-08T07:00:00+0100,104.34657905261332
2026-02-08T08:00:00+0100,113.1944450493235
2026-02-08T09:00:00+0100,117.12319674756414
2026-02-08T10:00:00+0100,118.52102790744017
2026-02-08T11:00:00+0100,114.24813211993276
2026-02-08T12:00:00+0100,102.52456522420053
2026-02-08T13:00:00+0100,94.07461497428227
2026-02-08T14:00:00+0100,99.41808735386292
2026-02-08T15:00:00+0100,108.65357507542005
2026-02-08T16:00:00+0100,116.05044827486961
2026-02-08T17:00:00+0100,128.06009666465965
2026-02-08T18:00:00+0100,132.00579288226433
2026-02-08T19:00:00+0100,128.52404826658548
2026-02-08T20:00:00+0100,119.84636457361634
2026-02-08T21:00:00+0100,113.99899791206161
2026-02-08T22:00:00+0100,114.1068107641032
2026-02-08T23:00:00+0100,112.28815810123623
2026-02-09T00:00:00+0100,100.87039001308095
2026-02-09T01:00:00+0100,97.7392004275861
2026-02-09T02:00:00+0100,92.70240171233245
2026-02-09T03:00:00+0100,95.3645951045047
2026-02-09T04:00:00+0100,98.15779350628742
2026-02-09T05:00:00+0100,102.80885505345688
2026-02-09T06:00:00+0100,113.07452827044048
2026-02-09T07:00:00+0100,140.5432812414513
2026-02-09T08:00:00+0100,164.81737151698772
2026-02-09T09:00:00+0100,149.40229108995538
2026-02-09T10:00:00+0100,149.82821632130472
2026-02-09T11:00:00+0100,143.42957302152533
2026-02-09T12:00:00+0100,138.02961566569985
2026-02-09T13:00:00+0100,133.06090342036464
2026-02-09T14:00:00+0100,123.03560487950809
2026-02-09T15:00:00+0100,136.91689537890176
2026-02-09T16:00:00+0100,149.9996328144229
2026-02-09T17:00:00+0100,186.06913157980256
2026-02-09T18:00:00+0100,181.741412437279
2026-02-09T19:00:00+0100,165.33357188669672
2026-02-09T20:00:00+0100,153.9288867217189
2026-02-09T21:00:00+0100,121.2971644588454
2026-02-09T22:00:00+0100,120.19224686012478
2026-02-09T23:00:00+0100,111.61278118012943
2026-02-10T00:00:00+0100,106.81418925479839
2026-02-10T01:00:00+0100,105.10402943261086
2026-02-10T02:00:00+0100,103.80589769419097
2026-02-10T03:00:00+0100,102.13245864163787
2026-02-10T04:00:00+0100,103.45543917721402
2026-02-10T05:00:00+0100,106.11665874309558
2026-02-10T06:00:00+0100,125.32288956724355
2026-02-10T07:00:00+0100,159.29038042382848
2026-02-10T08:00:00+0100,178.04629453623934
2026-02-10T09:00:00+0100,160.86965213191914
2026-02-10T10:00:00+0100,159.0579074896926
2026-02-10T11:00:00+0100,149.0274467248625
2026-02-10T12:00:00+0100,141.82788109312946
2026-02-10T13:00:00+0100,142.06059906758236
2026-02-10T14:00:00+0100,146.15310820243133
2026-02-10T15:00:00+0100,151.63890196000528
2026-02-10T16:00:00+0100,156.26166423371131
2026-02-10T17:00:00+0100,178.86360708956755
2026-02-10T18:00:00+0100,163.57225414520093
2026-02-10T19:00:00+0100,156.37586799154178
2026-02-10T20:00:00+0100,137.1920106984945
2026-02-10T21:00:00+0100,122.82888521313238
2026-02-10T22:00:00+0100,123.22482795883931
2026-02-10T23:00:00+0100,110.3276417681868
2026-02-11T00:00:00+0100,108.50549356331709
2026-02-11T01:00:00+0100,105.4404778509278
2026-02-11T02:00:00+0100,103.74406752446224
2026-02-11T03:00:00+0100,102.97482627953285
2026-02-11T04:00:00+0100,103.3584839381294
2026-02-11T05:00:00+0100,107.1854361519758
2026-02-11T06:00:00+0100,120.05850991734465
2026-02-11T07:00:00+0100,145.63122328479992
2026-02-11T08:00:00+0100,158.26332976009215
2026-02-11T09:00:00+0100,156.05923773506757
2026-02-11T10:00:00+0100,158.90500263114663
2026-02-11T11:00:00+0100,156.4630503097479
2026-02-11T12:00:00+0100,145.53827976604404
2026-02-11T13:00:00+0100,127.86086886392877
2026-02-11T14:00:00+0100,137.96676559218122
2026-02-11T15:00:00+0100,144.06949800742822
2026-02-11T16:00:00+0100,135.39966083080802
2026-02-11T17:00:00+0100,148.12642868098587
2026-02-11T18:00:00+0100,142.02298367691753
2026-02-11T19:00:00+0100,139.09317015407947
2026-02-11T20:00:00+0100,117.32184101986572
2026-02-11T21:00:00+0100,110.14257577348721
2026-02-11T22:00:00+0100,105.00228131170336
2026-02-11T23:00:00+0100,96.60801435266164
2026-02-12T00:00:00+0100,88.27888030975414
2026-02-12T01:00:00+0100,88.09590517340574
2026-02-12T02:00:00+0100,85.82606015320248
2026-02-12T03:00:00+0100,85.1217684324257
2026-02-12T04:00:00+0100,85.41013759854255
2026-02-12T05:00:00+0100,89.71460046741745
2026-02-12T06:00:00+0100,103.78403662543529
2026-02-12T07:00:00+0100,131.52551898041617
2026-02-12T08:00:00+0100,140.38352211452917
2026-02-12T09:00:00+0100,147.26060037648566
2026-02-12T10:00:00+0100,136.2278295918691
2026-02-12T11:00:00+0100,148.17215068242155
2026-02-12T12:00:00+0100,124.9515480688186
2026-02-12T13:00:00+0100,120.46999567873651
2026-02-12T14:00:00+0100,123.88301287564279
2026-02-12T15:00:00+0100,124.9166986190189
2026-02-12T16:00:00+0100,130.3896933813767
2026-02-12T17:00:00+0100,140.90371583263098
2026-02-12T18:00:00+0100,135.92803315390967
2026-02-12T19:00:00+0100,121.677980899156
2026-02-12T20:00:00+0100,114.5428333220906
2026-02-12T21:00:00+0100,105.57180558667577
2026-02-12T22:00:00+0100,98.7522991681797
2026-02-12T23:00:00+0100,82.98305395295282
2026-02-13T00:00:00+0100,70.68583265639957
2026-02-13T01:00:00+0100,70.18175260414809
2026-02-13T02:00:00+0100,66.86661218410399
2026-02-13T03:00:00+0100,64.42886234476312
2026-02-13T04:00:00+0100,70.3114364698449
2026-02-13T05:00:00+0100,82.42119859971866
2026-02-13T06:00:00+0100,98.4370281775118
2026-02-13T07:00:00+0100,126.2209689408682
2026-02-13T08:00:00+0100,141.49472269277047
2026-02-13T09:00:00+0100,131.79658472443813
2026-02-13T10:00:00+0100,130.6910844218242
2026-02-13T11:00:00+0100,120.87791054242034
2026-02-13T12:00:00+0100,120.08416102453424
2026-02-13T13:00:00+0100,118.8187396999962
2026-02-13T14:00:00+0100,127.9654147033153
2026-02-13T15:00:00+0100,130.72186763583363
2026-02-13T16:00:00+0100,149.64143633756854
2026-02-13T17:00:00+0100,165.66860520955626
2026-02-13T18:00:00+0100,163.06553710872387
2026-02-13T19:00:00+0100,154.87742299342628
2026-02-13T20:00:00+0100,136.99390777112288
2026-02-13T21:00:00+0100,126.38389385640691
2026-02-13T22:00:00+0100,119.49083429011628
2026-02-13T23:00:00+0100,110.21749585405442
2026-02-14T00:00:00+0100,101.28539891851035
2026-02-14T01:00:00+0100,99.76589745778156
2026-02-14T02:00:00+0100,97.94697931442313
2026-02-14T03:00:00+0100,95.71565506526645
2026-02-14T04:00:00+0100,95.0558785122412
2026-02-14T05:00:00+0100,95.5336504776557
2026-02-14T06:00:00+0100,103.43788799023224
2026-02-14T07:00:00+0100,124.45030357092035
2026-02-14T08:00:00+0100,123.17792287152837
2026-02-14T09:00:00+0100,129.39584417428534
2026-02-14T10:00:00+0100,131.84776767857613
2026-02-14T11:00:00+0100,119.58716389781225
2026-02-14T12:00:00+0100,121.63307876028853
2026-02-14T13:00:00+0100,118.03232844883229
2026-02-14T14:00:00+0100,112.45253507080547
2026-02-14T15:00:00+0100,120.83828559838956
2026-02-14T16:00:00+0100,131.07522995300593
2026-02-14T17:00:00+0100,147.2032834424426
2026-02-14T18:00:00+0100,157.25843219921916
2026-02-14T19:00:00+0100,139.7872149658283
2026-02-14T20:00:00+0100,135.03657995135703
2026-02-14T21:00:00+0100,127.8666974207166
2026-02-14T22:00:00+0100,122.8906709635172
2026-02-14T23:00:00+0100,107.64283285190548
2026-02-15T00:00:00+0100,107.62825194818319
2026-02-15T01:00:00+0100,106.59542107141857
2026-02-15T02:00:00+0100,102.57121243447193
2026-02-15T03:00:00+0100,97.65914012132886
2026-02-15T04:00:00+0100,98.48446248643562
2026-02-15T05:00:00+0100,98.9820203752444
2026-02-15T06:00:00+0100,100.64826379760446
2026-02-15T07:00:00+0100,105.96939146934787
2026-02-15T08:00:00+0100,109.37084888539188
2026-02-15T09:00:00+0100,101.16085572529003
2026-02-15T10:00:00+0100,90.16148312095612
2026-02-15T11:00:00+0100,84.95080244032545
2026-02-15T12:00:00+0100,69.87245177127328
2026-02-15T13:00:00+0100,64.34024257337009
2026-02-15T14:00:00+0100,81.4291478403661
2026-02-15T15:00:00+0100,87.15959091055589
2026-02-15T16:00:00+0100,100.62514265772461
2026-02-15T17:00:00+0100,103.30119770443166
2026-02-15T18:00:00+0100,97.10656943839422
2026-02-15T19:00:00+0100,85.03434502037639
2026-02-15T20:00:00+0100,69.75957619097107
2026-02-15T21:00:00+0100,55.29900216496296
2026-02-15T22:00:00+0100,59.979530199013396
2026-02-15T23:00:00+0100,41.006673706265936
2026-02-16T00:00:00+0100,40.40702877842714
2026-02-16T01:00:00+0100,36.35440569744246
2026-02-16T02:00:00+0100,25.00990493518355
2026-02-16T03:00:00+0100,25.399183703066686
2026-02-16T04:00:00+0100,27.19187477420742
2026-02-16T05:00:00+0100,38.223187444233645
2026-02-16T06:00:00+0100,61.87970482872317
2026-02-16T07:00:00+0100,97.53500702042062
2026-02-16T08:00:00+0100,106.61762489907457
2026-02-16T09:00:00+0100,110.04632567186705
2026-02-16T10:00:00+0100,101.36047748068837
2026-02-16T11:00:00+0100,99.21272068181457
2026-02-16T12:00:00+0100,108.77974195013839
2026-02-16T13:00:00+0100,104.79723389467246
2026-02-16T14:00:00+0100,103.35399701150092
2026-02-16T15:00:00+0100,115.74741485543164
2026-02-16T16:00:00+0100,125.3301710707277
2026-02-16T17:00:00+0100,143.9584820382318
2026-02-16T18:00:00+0100,159.0522695325769
2026-02-16T19:00:00+0100,164.54273874103222
2026-02-16T20:00:00+0100,158.82984167034024
2026-02-16T21:00:00+0100,153.35696840475393
2026-02-16T22:00:00+0100,133.81567642030083
2026-02-16T23:00:00+0100,112.88055380458964
2026-02-17T00:00:00+0100,100.60390201110314
2026-02-17T01:00:00+0100,100.24474835447506
2026-02-17T02:00:00+0100,98.65620431491784
2026-02-17T03:00:00+0100,97.83672808951906
2026-02-17T04:00:00+0100,97.3730074591542
2026-02-17T05:00:00+0100,97.02642826207936
2026-02-17T06:00:00+0100,117.65665634500074
2026-02-17T07:00:00+0100,135.2261863153839
2026-02-17T08:00:00+0100,149.77783447034295
2026-02-17T09:00:00+0100,137.42389941431807
2026-02-17T10:00:00+0100,128.79700985535655
2026-02-17T11:00:00+0100,120.6164945986544
2026-02-17T12:00:00+0100,117.4738354565155
2026-02-17T13:00:00+0100,115.77815511739523
2026-02-17T14:00:00+0100,113.73213828812118
2026-02-17T15:00:00+0100,121.62925621955722
2026-02-17T16:00:00+0100,132.81541667941923
2026-02-17T17:00:00+0100,148.3442171804753
2026-02-17T18:00:00+0100,144.2071007272166
2026-02-17T19:00:00+0100,137.1599999469547
2026-02-17T20:00:00+0100,123.09975619953464
2026-02-17T21:00:00+0100,105.2154306143418
2026-02-17T22:00:00+0100,102.22834231724373
2026-02-17T23:00:00+0100,92.72957465317103
2026-02-18T00:00:00+0100,97.53644901344447
2026-02-18T01:00:00+0100,100.42125089074969
2026-02-18T02:00:00+0100,98.97780696031667
2026-02-18T03:00:00+0100,99.2074008511294
2026-02-18T04:00:00+0100,99.31412465046976
2026-02-18T05:00:00+0100,104.61584449762647
2026-02-18T06:00:00+0100,127.49677629184559
2026-02-18T07:00:00+0100,162.57422675432525
2026-02-18T08:00:00+0100,205.90650887900745
2026-02-18T09:00:00+0100,218.67586127498237
2026-02-18T10:00:00+0100,180.00279659501288
2026-02-18T11:00:00+0100,157.63268518805992
2026-02-18T12:00:00+0100,148.40419442205578
2026-02-18T13:00:00+0100,135.53183360613508
2026-02-18T14:00:00+0100,142.58227411522302
2026-02-18T15:00:00+0100,138.51253522536618
2026-02-18T16:00:00+0100,148.03833413930641
2026-02-18T17:00:00+0100,165.33229194910828
2026-02-18T18:00:00+0100,177.29477067373958
2026-02-18T19:00:00+0100,154.23848871984887
2026-02-18T20:00:00+0100,125.84177875794259
2026-02-18T21:00:00+0100,113.77040926502272
2026-02-18T22:00:00+0100,108.12484217826496
2026-02-18T23:00:00+0100,99.35996663810249
2026-02-19T00:00:00+0100,88.38594287830907
2026-02-19T01:00:00+0100,79.01599803869178
2026-02-19T02:00:00+0100,76.64905513718631
2026-02-19T03:00:00+0100,75.36897479676368
2026-02-19T04:00:00+0100,82.65600579615399
2026-02-19T05:00:00+0100,83.56858583002824
2026-02-19T06:00:00+0100,103.39391573693955
2026-02-19T07:00:00+0100,124.99789647891721
2026-02-19T08:00:00+0100,124.46780271570809
2026-02-19T09:00:00+0100,117.30353923900034
2026-02-19T10:00:00+0100,120.89811859307187
2026-02-19T11:00:00+0100,114.55095593526036
2026-02-19T12:00:00+0100,100.40968365153658
2026-02-19T13:00:00+0100,91.4687841357527
2026-02-19T14:00:00+0100,93.59501057811042
2026-02-19T15:00:00+0100,101.3331163160432
2026-02-19T16:00:00+0100,114.06364158904486
2026-02-19T17:00:00+0100,123.39626124544168
2026-02-19T18:00:00+0100,135.7839204047549
2026-02-19T19:00:00+0100,117.2187054560453
2026-02-19T20:00:00+0100,109.22909803033436
2026-02-19T21:00:00+0100,98.80188797615477
2026-02-19T22:00:00+0100,96.27573575448858
2026-02-19T23:00:00+0100,90.67594969410031
2026-02-20T00:00:00+0100,90.6447510949975
2026-02-20T01:00:00+0100,88.39068803435738
2026-02-20T02:00:00+0100,92.23119737472425
2026-02-20T03:00:00+0100,99.01179160533131
2026-02-20T04:00:00+0100,101.66491465928588
2026-02-20T05:00:00+0100,102.69818617127642
2026-02-20T06:00:00+0100,106.3674439688133
2026-02-20T07:00:00+0100,121.95593409504974
2026-02-20T08:00:00+0100,129.24466533663917
2026-02-20T09:00:00+0100,115.54708870469479
2026-02-20T10:00:00+0100,97.1428940965323
2026-02-20T11:00:00+0100,84.65824456409948
2026-02-20T12:00:00+0100,83.54594846482131
2026-02-20T13:00:00+0100,82.31618556254332
2026-02-20T14:00:00+0100,90.48689821351226
2026-02-20T15:00:00+0100,104.51266816271949
2026-02-20T16:00:00+0100,110.03468670044022
2026-02-20T17:00:00+0100,112.69115687323966
2026-02-20T18:00:00+0100,120.7664118356119
2026-02-20T19:00:00+0100,107.29451168420235
2026-02-20T20:00:00+0100,99.212806935092
2026-02-20T21:00:00+0100,80.96044890175956
2026-02-20T22:00:00+0100,63.218293236699004
2026-02-20T23:00:00+0100,47.53699925284084
2026-02-21T00:00:00+0100,25.740382211812374
2026-02-21T01:00:00+0100,20.719309874482196
2026-02-21T02:00:00+0100,17.78241748128978
2026-02-21T03:00:00+0100,16.01167091155994
2026-02-21T04:00:00+0100,15.981336975353972
2026-02-21T05:00:00+0100,17.062927812140288
2026-02-21T06:00:00+0100,37.87380156787296
2026-02-21T07:00:00+0100,39.37397001721696
2026-02-21T08:00:00+0100,42.41592305147902
2026-02-21T09:00:00+0100,55.374968560315935
2026-02-21T10:00:00+0100,45.15445889895777
2026-02-21T11:00:00+0100,41.98695973200712
2026-02-21T12:00:00+0100,41.155844890548764
2026-02-21T13:00:00+0100,37.49503211134669
2026-02-21T14:00:00+0100,39.127013734881594
2026-02-21T15:00:00+0100,58.0583985883323
2026-02-21T16:00:00+0100,85.50286484486013
2026-02-21T17:00:00+0100,94.5357394042139
2026-02-21T18:00:00+0100,99.11207907253113
2026-02-21T19:00:00+0100,99.62866720232557
2026-02-21T20:00:00+0100,96.54054730132745
2026-02-21T21:00:00+0100,93.54292351420969
2026-02-21T22:00:00+0100,84.16174457386725
2026-02-21T23:00:00+0100,75.25765521666587
2026-02-22T00:00:00+0100,63.38033577908386
2026-02-22T01:00:00+0100,61.48319010491733
2026-02-22T02:00:00+0100,53.90033231535843
2026-02-22T03:00:00+0100,50.89169862718734
2026-02-22T04:00:00+0100,46.9126960251672
2026-02-22T05:00:00+0100,47.45181904428291
2026-02-22T06:00:00+0100,38.781504972884385
2026-02-22T07:00:00+0100,38.08756017453748
2026-02-22T08:00:00+0100,44.126471434601
2026-02-22T09:00:00+0100,30.847235479195664
2026-02-22T10:00:00+0100,30.12418343487451
2026-02-22T11:00:00+0100,28.814825386033327
2026-02-22T12:00:00+0100,22.228936118255202
2026-02-22T13:00:00+0100,10.44483092124164
2026-02-22T14:00:00+0100,9.892594118169223
2026-02-22T15:00:00+0100,19.78549212610662
2026-02-22T16:00:00+0100,24.538117741136926
2026-02-22T17:00:00+0100,36.670349342394864
2026-02-22T18:00:00+0100,48.73702259156682
2026-02-22T19:00:00+0100,37.22395140413399
2026-02-22T20:00:00+0100,30.970707585288
2026-02-22T21:00:00+0100,25.88732579064164
2026-02-22T22:00:00+0100,17.196818400340838
2026-02-22T23:00:00+0100,13.01525114670865
2026-02-23T00:00:00+0100,17.454766767638226
2026-02-23T01:00:00+0100,16.370272173977007
2026-02-23T02:00:00+0100,20.434953496090483
2026-02-23T03:00:00+0100,22.1284997921693
2026-02-23T04:00:00+0100,25.055183904865874
2026-02-23T05:00:00+0100,35.212506293731884
2026-02-23T06:00:00+0100,51.236897982848106
2026-02-23T07:00:00+0100,62.245750334891945
2026-02-23T08:00:00+0100,66.32420423356128
2026-02-23T09:00:00+0100,45.78208045408732
2026-02-23T10:00:00+0100,26.394758787013835
2026-02-23T11:00:00+0100,19.68320081105679
2026-02-23T12:00:00+0100,16.967740079120027
2026-02-23T13:00:00+0100,12.309884723985391
2026-02-23T14:00:00+0100,13.72895424187536
2026-02-23T15:00:00+0100,21.938543529550138
2026-02-23T16:00:00+0100,42.24635847108531
2026-02-23T17:00:00+0100,70.53081256428285
2026-02-23T18:00:00+0100,80.32025281841236
2026-02-23T19:00:00+0100,92.42198970003983
2026-02-23T20:00:00+0100,82.17388709822116
2026-02-23T21:00:00+0100,77.78034418298441
2026-02-23T22:00:00+0100,81.25552058055395
2026-02-23T23:00:00+0100,70.58774713735372
2026-02-24T00:00:00+0100,68.20398342185037
2026-02-24T01:00:00+0100,68.43693358042941
2026-02-24T02:00:00+0100,73.49175756047603
2026-02-24T03:00:00+0100,84.23810064207487
2026-02-24T04:00:00+0100,95.98906344341701
2026-02-24T05:00:00+0100,101.06480776015125
2026-02-24T06:00:00+0100,113.76766189710011
2026-02-24T07:00:00+0100,143.7233016786534
2026-02-24T08:00:00+0100,156.02740877293672
2026-02-24T09:00:00+0100,150.88235796507973
2026-02-24T10:00:00+0100,141.37310649660637
2026-02-24T11:00:00+0100,158.7675152941338
2026-02-24T12:00:00+0100,130.30058647812027
2026-02-24T13:00:00+0100,118.90888827819734
2026-02-24T14:00:00+0100,123.83998893822294
2026-02-24T15:00:00+0100,131.92753734504367
2026-02-24T16:00:00+0100,131.1959156609259
2026-02-24T17:00:00+0100,168.94201167971468
2026-02-24T18:00:00+0100,176.5335869762506
2026-02-24T19:00:00+0100,157.69869878569457
2026-02-24T20:00:00+0100,134.98779919283888
2026-02-24T21:00:00+0100,115.07843355191251
2026-02-24T22:00:00+0100,105.18284243320353
2026-02-24T23:00:00+0100,102.82537975765159
2026-02-25T00:00:00+0100,106.21146239427162
2026-02-25T01:00:00+0100,104.24716355302118
2026-02-25T02:00:00+0100,100.34131338659567
2026-02-25T03:00:00+0100,101.21875794648723
2026-02-25T04:00:00+0100,102.48498016435977
2026-02-25T05:00:00+0100,104.1539687855795
2026-02-25T06:00:00+0100,125.16252846612217
2026-02-25T07:00:00+0100,170.05537886979508
2026-02-25T08:00:00+0100,164.87282968472874
2026-02-25T09:00:00+0100,147.4063221324705
2026-02-25T10:00:00+0100,134.05870187865312
2026-02-25T11:00:00+0100,105.70785212516213
2026-02-25T12:00:00+0100,89.87340358919623
2026-02-25T13:00:00+0100,73.76421828094344
2026-02-25T14:00:00+0100,78.45549753607035
2026-02-25T15:00:00+0100,101.31841056045465
2026-02-25T16:00:00+0100,122.27094172820956
2026-02-25T17:00:00+0100,156.14982049607852
2026-02-25T18:00:00+0100,161.40318228360005
2026-02-25T19:00:00+0100,144.81309590573693
2026-02-25T20:00:00+0100,115.5051066107405
2026-02-25T21:00:00+0100,109.26162912964514
2026-02-25T22:00:00+0100,97.53966868589747
2026-02-25T23:00:00+0100,91.0272675681843
2026-02-26T00:00:00+0100,85.44657406317626
2026-02-26T01:00:00+0100,77.0764382757225
2026-02-26T02:00:00+0100,75.80589342546325
2026-02-26T03:00:00+0100,73.82599323763198
2026-02-26T04:00:00+0100,78.84236255405355
2026-02-26T05:00:00+0100,83.44647135331803
2026-02-26T06:00:00+0100,100.76750126012396
2026-02-26T07:00:00+0100,111.37917041300601
2026-02-26T08:00:00+0100,113.74768846656418
2026-02-26T09:00:00+0100,87.98119655564876
2026-02-26T10:00:00+0100,72.99690692269458
2026-02-26T11:00:00+0100,49.17767238703514
2026-02-26T12:00:00+0100,41.96418930655463
2026-02-26T13:00:00+0100,29.22320854607446
2026-02-26T14:00:00+0100,50.524819549704716
2026-02-26T15:00:00+0100,76.08694409522052
2026-02-26T16:00:00+0100,100.20737870586613
2026-02-26T17:00:00+0100,115.22010012654447
2026-02-26T18:00:00+0100,121.1827256263135
2026-02-26T19:00:00+0100,113.88728550793236
2026-02-26T20:00:00+0100,97.43023616431783
2026-02-26T21:00:00+0100,94.86832229146228
2026-02-26T22:00:00+0100,88.32573033292385
2026-02-26T23:00:00+0100,83.9255477210236
2026-02-27T00:00:00+0100,70.27334927110407
2026-02-27T01:00:00+0100,68.07573460653904
2026-02-27T02:00:00+0100,65.18704520377007
2026-02-27T03:00:00+0100,66.10377035936563
2026-02-27T04:00:00+0100,67.98654003645665
2026-02-27T05:00:00+0100,72.55812584143071
2026-02-27T06:00:00+0100,90.48108253348542
2026-02-27T07:00:00+0100,101.46024167777342
2026-02-27T08:00:00+0100,93.73117180239677
2026-02-27T09:00:00+0100,65.1961092338802
2026-02-27T10:00:00+0100,32.17708698686518
2026-02-27T11:00:00+0100,25.453893681114877
2026-02-27T12:00:00+0100,28.36520455753352
2026-02-27T13:00:00+0100,9.856181554472172
2026-02-27T14:00:00+0100,9.587192329351454
2026-02-27T15:00:00+0100,50.34434706523171
2026-02-27T16:00:00+0100,93.97650988094941
2026-02-27T17:00:00+0100,110.28436080708596
2026-02-27T18:00:00+0100,112.1433976248515
2026-02-27T19:00:00+0100,108.93625403880374
2026-02-27T20:00:00+0100,102.29644191177739
2026-02-27T21:00:00+0100,93.44723227627959
2026-02-27T22:00:00+0100,93.77867456621165
2026-02-27T23:00:00+0100,89.09394422166726
2026-02-28T00:00:00+0100,79.8602024668857
2026-02-28T01:00:00+0100,81.8143939293645
2026-02-28T02:00:00+0100,78.84761606273842
2026-02-28T03:00:00+0100,78.11074223226368
2026-02-28T04:00:00+0100,78.52759519845212
2026-02-28T05:00:00+0100,80.1363855963505
2026-02-28T06:00:00+0100,77.98533278231271
2026-02-28T07:00:00+0100,75.01347334616851
2026-02-28T08:00:00+0100,67.06880652674255
2026-02-28T09:00:00+0100,33.644384819802504
2026-02-28T10:00:00+0100,35.11153739339094
2026-02-28T11:00:00+0100,24.02367830040918
2026-02-28T12:00:00+0100,14.613534760705544
2026-02-28T13:00:00+0100,13.561652979660082
2026-02-28T14:00:00+0100,14.763475261607336
2026-02-28T15:00:00+0100,17.583837752260372
2026-02-28T16:00:00+0100,50.33837114487896
2026-02-28T17:00:00+0100,86.81193360584889
2026-02-28T18:00:00+0100,89.27208391617845
2026-02-28T19:00:00+0100,83.73046622328421
2026-02-28T20:00:00+0100,65.61855180270351
2026-02-28T21:00:00+0100,59.4304379240402
2026-02-28T22:00:00+0100,50.430251155237585
2026-02-28T23:00:00+0100,40.12801742145073
2026-03-01T00:00:00+0100,10.11523021912197
2026-03-01T01:00:00+0100,13.898655225115334
2026-03-01T02:00:00+0100,17.170591396245463
2026-03-01T03:00:00+0100,29.813830948153356
2026-03-01T04:00:00+0100,53.04321406846012
2026-03-01T05:00:00+0100,64.80580016695782
2026-03-01T06:00:00+0100,70.10168293111204
2026-03-01T07:00:00+0100,75.69885428989386
2026-03-01T08:00:00+0100,68.26392961028148
2026-03-01T09:00:00+0100,31.43326441982289
2026-03-01T10:00:00+0100,9.38649410494135
2026-03-01T11:00:00+0100,-5.3043693725442065
2026-03-01T12:00:00+0100,-12.720620410860514
2026-03-01T13:00:00+0100,-13.778339128355917
2026-03-01T14:00:00+0100,-4.118437244428233
2026-03-01T15:00:00+0100,11.762375302972105
2026-03-01T16:00:00+0100,67.32688015235941
2026-03-01T17:00:00+0100,98.13010352079272
2026-03-01T18:00:00+0100,105.56937728868542
2026-03-01T19:00:00+0100,103.989889220562
2026-03-01T20:00:00+0100,95.0485439436561
2026-03-01T21:00:00+0100,83.04783616888189
2026-03-01T22:00:00+0100,80.71189242681625
2026-03-01T23:00:00+0100,74.39360074276975
2026-03-02T00:00:00+0100,72.509755919993
2026-03-02T01:00:00+0100,72.60863329711131
2026-03-02T02:00:00+0100,74.49863911959612
2026-03-02T03:00:00+0100,75.87168686678167
2026-03-02T04:00:00+0100,79.57525231508858
2026-03-02T05:00:00+0100,89.861970751628
2026-03-02T06:00:00+0100,95.49136065796043
2026-03-02T07:00:00+0100,111.84402344834923
2026-03-02T08:00:00+0100,108.00004314725464
2026-03-02T09:00:00+0100,80.76741301499409
2026-03-02T10:00:00+0100,50.84585737219526
2026-03-02T11:00:00+0100,22.071558902814367
2026-03-02T12:00:00+0100,7.152254995868834
2026-03-02T13:00:00+0100,-6.1327744359341
2026-03-02T14:00:00+0100,22.938573990317536
2026-03-02T15:00:00+0100,72.3964244837619
2026-03-02T16:00:00+0100,103.07362620159839
2026-03-02T17:00:00+0100,131.66358314845726
2026-03-02T18:00:00+0100,140.60892010178284
2026-03-02T19:00:00+0100,126.80115392526265
2026-03-02T20:00:00+0100,116.48595086233986
2026-03-02T21:00:00+0100,105.04045672714956
2026-03-02T22:00:00+0100,99.78299340720882
2026-03-02T23:00:00+0100,92.83391187003835
2026-03-03T00:00:00+0100,90.09508884790421
2026-03-03T01:00:00+0100,85.7826425324144
2026-03-03T02:00:00+0100,87.1401020768416
2026-03-03T03:00:00+0100,87.4227907820445
2026-03-03T04:00:00+0100,90.46792717276799
2026-03-03T05:00:00+0100,97.8344268513311
2026-03-03T06:00:00+0100,114.19258946776999
2026-03-03T07:00:00+0100,148.30234179333516
2026-03-03T08:00:00+0100,135.65040482483295
2026-03-03T09:00:00+0100,102.44960515594387
2026-03-03T10:00:00+0100,74.64575258742681
2026-03-03T11:00:00+0100,52.91991392977339
2026-03-03T12:00:00+0100,26.055818848412496
2026-03-03T13:00:00+0100,26.7593456440298
2026-03-03T14:00:00+0100,43.66500659336964
2026-03-03T15:00:00+0100,82.5852149922484
2026-03-03T16:00:00+0100,118.80405214780853
2026-03-03T17:00:00+0100,188.27799194123435
2026-03-03T18:00:00+0100,217.1946572658793
2026-03-03T19:00:00+0100,183.96089530806213
2026-03-03T20:00:00+0100,125.05925448113409
2026-03-03T21:00:00+0100,109.87352737509528
2026-03-03T22:00:00+0100,99.4153361757413
2026-03-03T23:00:00+0100,97.87134464853739
2026-03-04T00:00:00+0100,100.95102418137188
2026-03-04T01:00:00+0100,99.02450225183577
2026-03-04T02:00:00+0100,97.26606670387739
2026-03-04T03:00:00+0100,97.0647187022685
2026-03-04T04:00:00+0100,98.84756258180899
2026-03-04T05:00:00+0100,104.98988153082506
2026-03-04T06:00:00+0100,139.35741407213825
2026-03-04T07:00:00+0100,174.01393713968375
2026-03-04T08:00:00+0100,142.7542438108983
2026-03-04T09:00:00+0100,100.24059154902386
2026-03-04T10:00:00+0100,71.72250619528334
2026-03-04T11:00:00+0100,36.80227000216563
2026-03-04T12:00:00+0100,10.634704932058122
2026-03-04T13:00:00+0100,10.164858608192477
2026-03-04T14:00:00+0100,17.872408402119234
2026-03-04T15:00:00+0100,76.82984365341278
2026-03-04T16:00:00+0100,104.93910251116833
2026-03-04T17:00:00+0100,171.6030742260481
2026-03-04T18:00:00+0100,184.96892943896722
2026-03-04T19:00:00+0100,173.37285368504905
2026-03-04T20:00:00+0100,132.29846609220863
2026-03-04T21:00:00+0100,115.30131771606182
2026-03-04T22:00:00+0100,107.4025338008067
2026-03-04T23:00:00+0100,102.74650117914096
2026-03-05T00:00:00+0100,120.74133011312104
2026-03-05T01:00:00+0100,116.07031351501911
2026-03-05T02:00:00+0100,113.13865484054908
2026-03-05T03:00:00+0100,111.59589598223849
2026-03-05T04:00:00+0100,112.93669094644093
2026-03-05T05:00:00+0100,122.46594107227584
2026-03-05T06:00:00+0100,145.07756016879966
2026-03-05T07:00:00+0100,131.11495622908993
2026-03-05T08:00:00+0100,121.51788290616406
2026-03-05T09:00:00+0100,92.13912725893277
2026-03-05T10:00:00+0100,53.72515512714931
2026-03-05T11:00:00+0100,17.340592360327754
2026-03-05T12:00:00+0100,-8.94135334367858
2026-03-05T13:00:00+0100,-5.757907837196034
2026-03-05T14:00:00+0100,7.688495997907631
2026-03-05T15:00:00+0100,60.10926589156392
2026-03-05T16:00:00+0100,106.2821457144741
2026-03-05T17:00:00+0100,143.41359826549274
2026-03-05T18:00:00+0100,149.60172812327366
2026-03-05T19:00:00+0100,130.20955673412226
2026-03-05T20:00:00+0100,119.80509185952961
2026-03-05T21:00:00+0100,111.15461475567615
2026-03-05T22:00:00+0100,110.67204853716966
2026-03-05T23:00:00+0100,107.59650237807833
2026-03-06T00:00:00+0100,105.07390877987199
2026-03-06T01:00:00+0100,97.23080062074095
2026-03-06T02:00:00+0100,95.0156079542054
2026-03-06T03:00:00+0100,98.61532177118971
2026-03-06T04:00:00+0100,101.88860569972968
2026-03-06T05:00:00+0100,119.53186539777369
2026-03-06T06:00:00+0100,143.8915410979856
2026-03-06T07:00:00+0100,138.57470235542297
2026-03-06T08:00:00+0100,117.82374628336599
2026-03-06T09:00:00+0100,82.92524325754896
2026-03-06T10:00:00+0100,57.20589991321704
2026-03-06T11:00:00+0100,33.5109604973448
2026-03-06T12:00:00+0100,25.586063605007226
2026-03-06T13:00:00+0100,21.321989599304892
2026-03-06T14:00:00+0100,37.019283541836444
2026-03-06T15:00:00+0100,75.79815979975615
2026-03-06T16:00:00+0100,118.83614976237523
2026-03-06T17:00:00+0100,163.68084871398773
2026-03-06T18:00:00+0100,161.98389081994242
2026-03-06T19:00:00+0100,158.31452405639766
2026-03-06T20:00:00+0100,136.57852872483014
2026-03-06T21:00:00+0100,124.95420057251788
2026-03-06T22:00:00+0100,123.07584522956341
2026-03-06T23:00:00+0100,117.5607909758153
2026-03-07T00:00:00+0100,107.052326407951
2026-03-07T01:00:00+0100,106.33775417641942
2026-03-07T02:00:00+0100,105.85102702443746
2026-03-07T03:00:00+0100,105.67198708232652
2026-03-07T04:00:00+0100,105.59276614861734
2026-03-07T05:00:00+0100,111.76782477826123
2026-03-07T06:00:00+0100,135.40130070275862
2026-03-07T07:00:00+0100,126.64078821749641
2026-03-07T08:00:00+0100,102.77761604814528
2026-03-07T09:00:00+0100,71.80456068711167
2026-03-07T10:00:00+0100,38.80333873499381
2026-03-07T11:00:00+0100,-2.186711796329126
2026-03-07T12:00:00+0100,0.018355626394535293
2026-03-07T13:00:00+0100,-3.4861690563926846
2026-03-07T14:00:00+0100,9.112527781411652
2026-03-07T15:00:00+0100,69.14916109373816
2026-03-07T16:00:00+0100,101.44065421465973
2026-03-07T17:00:00+0100,149.46770624536546
2026-03-07T18:00:00+0100,166.90936978897608
2026-03-07T19:00:00+0100,147.40946171780556
2026-03-07T20:00:00+0100,142.03775155148452
2026-03-07T21:00:00+0100,126.04107076367671
2026-03-07T22:00:00+0100,120.29122341130721
2026-03-07T23:00:00+0100,120.58364533706451
2026-03-08T00:00:00+0100,125.83596930782808
2026-03-08T01:00:00+0100,117.3660273346109
2026-03-08T02:00:00+0100,115.95025857051603
2026-03-08T03:00:00+0100,112.12514930018018
2026-03-08T04:00:00+0100,112.45184902009497
2026-03-08T05:00:00+0100,113.66797158402888
2026-03-08T06:00:00+0100,120.34911189569446
2026-03-08T07:00:00+0100,118.3891311204595
2026-03-08T08:00:00+0100,101.64944863456755
2026-03-08T09:00:00+0100,57.008526467640365
2026-03-08T10:00:00+0100,9.60357587064707
2026-03-08T11:00:00+0100,-6.264653181611277
2026-03-08T12:00:00+0100,-9.975796148826856
2026-03-08T13:00:00+0100,-22.53617188978977
2026-03-08T14:00:00+0100,-13.880027354865504
2026-03-08T15:00:00+0100,30.646756550162074
2026-03-08T16:00:00+0100,101.70039231151598
2026-03-08T17:00:00+0100,126.81131560782686
2026-03-08T18:00:00+0100,129.73656953755375
2026-03-08T19:00:00+0100,122.44767884524154
2026-03-08T20:00:00+0100,117.9172913000257
2026-03-08T21:00:00+0100,116.74473774687652
2026-03-08T22:00:00+0100,112.90551331232452
2026-03-08T23:00:00+0100,105.94730188870773
2026-03-09T00:00:00+0100,114.64330739443729
2026-03-09T01:00:00+0100,110.71579175797591
2026-03-09T02:00:00+0100,112.35157081370355
2026-03-09T03:00:00+0100,120.34368392068534
2026-03-09T04:00:00+0100,123.08545572139569
2026-03-09T05:00:00+0100,127.64148025283684
2026-03-09T06:00:00+0100,129.063879747898
2026-03-09T07:00:00+0100,144.79819469265
2026-03-09T08:00:00+0100,132.42133248022736
2026-03-09T09:00:00+0100,98.03916939758194
2026-03-09T10:00:00+0100,76.4552724956053
2026-03-09T11:00:00+0100,46.22929918820323
2026-03-09T12:00:00+0100,34.77457986051835
2026-03-09T13:00:00+0100,35.62211319338605
2026-03-09T14:00:00+0100,59.99499106872611
2026-03-09T15:00:00+0100,82.67582681533212
2026-03-09T16:00:00+0100,126.7410252259329
2026-03-09T17:00:00+0100,221.27733779885543
2026-03-09T18:00:00+0100,242.65059091044245
2026-03-09T19:00:00+0100,250.5598913541404
2026-03-09T20:00:00+0100,198.75079078761198
2026-03-09T21:00:00+0100,137.64543534915228
2026-03-09T22:00:00+0100,122.9124169001634
2026-03-09T23:00:00+0100,107.24544615131605
2026-03-10T00:00:00+0100,107.52412895356277
2026-03-10T01:00:00+0100,106.45681587121935
2026-03-10T02:00:00+0100,105.47713760551675
2026-03-10T03:00:00+0100,105.46413699874786
2026-03-10T04:00:00+0100,115.13244040199292
2026-03-10T05:00:00+0100,157.67182978948057
2026-03-10T06:00:00+0100,188.8682545060025
2026-03-10T07:00:00+0100,218.19493646481465
2026-03-10T08:00:00+0100,144.65294572908152
2026-03-10T09:00:00+0100,111.59915166823764
2026-03-10T10:00:00+0100,78.09852081506817
2026-03-10T11:00:00+0100,57.120938076986455
2026-03-10T12:00:00+0100,38.04840644352554
2026-03-10T13:00:00+0100,36.29178027664643
2026-03-10T14:00:00+0100,61.16026408936653
2026-03-10T15:00:00+0100,92.9237048931601
2026-03-10T16:00:00+0100,124.788522350179
2026-03-10T17:00:00+0100,180.50051428222312
2026-03-10T18:00:00+0100,258.9674349694343
2026-03-10T19:00:00+0100,205.66689323374501
2026-03-10T20:00:00+0100,158.25165324024465
2026-03-10T21:00:00+0100,126.00263335256122
2026-03-10T22:00:00+0100,120.54571617928906
2026-03-10T23:00:00+0100,107.269515906721
2026-03-11T00:00:00+0100,118.88609167283599
2026-03-11T01:00:00+0100,101.51481697644313
2026-03-11T02:00:00+0100,96.56229073347193
2026-03-11T03:00:00+0100,97.3936431247579
2026-03-11T04:00:00+0100,84.98134068886492
2026-03-11T05:00:00+0100,83.65192870857722
2026-03-11T06:00:00+0100,84.2719948755012
2026-03-11T07:00:00+0100,94.76742310075281
2026-03-11T08:00:00+0100,69.10591001520564
2026-03-11T09:00:00+0100,41.60979079150198
2026-03-11T10:00:00+0100,21.09613285373212
2026-03-11T11:00:00+0100,-1.1307085269239083
2026-03-11T12:00:00+0100,-8.038487245802905
2026-03-11T13:00:00+0100,-3.4246978926234504
2026-03-11T14:00:00+0100,2.081672594422129
2026-03-11T15:00:00+0100,31.953291075850224
2026-03-11T16:00:00+0100,76.83717397106177
2026-03-11T17:00:00+0100,103.79338419043921
2026-03-11T18:00:00+0100,127.81381533181889
2026-03-11T19:00:00+0100,127.54744630518874
2026-03-11T20:00:00+0100,117.46098200327515
2026-03-11T21:00:00+0100,108.13979549042058
2026-03-11T22:00:00+0100,103.16374115503635
2026-03-11T23:00:00+0100,87.7379849325947
2026-03-12T00:00:00+0100,80.37450524299376
2026-03-12T01:00:00+0100,79.48203878467139
2026-03-12T02:00:00+0100,76.97556453702383
2026-03-12T03:00:00+0100,78.48164673016772
2026-03-12T04:00:00+0100,81.16735539552148
2026-03-12T05:00:00+0100,86.66451445373386
2026-03-12T06:00:00+0100,101.75885801835221
2026-03-12T07:00:00+0100,104.77459749835222
2026-03-12T08:00:00+0100,86.67389175262268
2026-03-12T09:00:00+0100,62.50008707668188
2026-03-12T10:00:00+0100,25.62415306026341
2026-03-12T11:00:00+0100,2.561944267064971
2026-03-12T12:00:00+0100,1.9568509362372744
2026-03-12T13:00:00+0100,-4.382486889124928
2026-03-12T14:00:00+0100,-12.90888423463927
2026-03-12T15:00:00+0100,4.803134709821774
2026-03-12T16:00:00+0100,53.847004205497726
2026-03-12T17:00:00+0100,84.43804871044178
2026-03-12T18:00:00+0100,96.63910770493845
2026-03-12T19:00:00+0100,87.19009426367509
2026-03-12T20:00:00+0100,82.70339163983503
2026-03-12T21:00:00+0100,58.702491264661745
2026-03-12T22:00:00+0100,53.92511677913525
2026-03-12T23:00:00+0100,27.054461730611433
2026-03-13T00:00:00+0100,13.778308780245926
2026-03-13T01:00:00+0100,12.677190544824015
2026-03-13T02:00:00+0100,8.68557306383368
2026-03-13T03:00:00+0100,9.199874398661137
2026-03-13T04:00:00+0100,11.876043336373577
2026-03-13T05:00:00+0100,24.040191182103545
2026-03-13T06:00:00+0100,30.310876162772832
2026-03-13T07:00:00+0100,45.03028293395157
2026-03-13T08:00:00+0100,45.14258123227901
2026-03-13T09:00:00+0100,19.004251615764407
2026-03-13T10:00:00+0100,7.466114794848565
2026-03-13T11:00:00+0100,-2.2454010769760098
2026-03-13T12:00:00+0100,-15.980435587073487
2026-03-13T13:00:00+0100,-19.900132419345216
2026-03-13T14:00:00+0100,-7.46215032636545
2026-03-13T15:00:00+0100,33.363853827060936
2026-03-13T16:00:00+0100,78.6767111309207
2026-03-13T17:00:00+0100,103.54904794099754
2026-03-13T18:00:00+0100,122.32169204213625
2026-03-13T19:00:00+0100,123.62549411483832
2026-03-13T20:00:00+0100,123.44839107361491
2026-03-13T21:00:00+0100,119.98720356432106
2026-03-13T22:00:00+0100,111.27955391025807
2026-03-13T23:00:00+0100,103.50800744998233
2026-03-14T00:00:00+0100,111.28864353840297
2026-03-14T01:00:00+0100,112.68895781080668
2026-03-14T02:00:00+0100,102.02263632942855
2026-03-14T03:00:00+0100,102.5551419585786
2026-03-14T04:00:00+0100,102.72565696812046
2026-03-14T05:00:00+0100,110.03708056363772
2026-03-14T06:00:00+0100,125.4138061375886
2026-03-14T07:00:00+0100,134.02690071553158
2026-03-14T08:00:00+0100,107.16692619616623
2026-03-14T09:00:00+0100,96.47364977484565
2026-03-14T10:00:00+0100,79.92266441812244
2026-03-14T11:00:00+0100,72.93253009573573
2026-03-14T12:00:00+0100,74.9193250678718
2026-03-14T13:00:00+0100,77.77701475763563
2026-03-14T14:00:00+0100,85.21915503915876
2026-03-14T15:00:00+0100,96.37862032221747
2026-03-14T16:00:00+0100,118.71540459375709
2026-03-14T17:00:00+0100,144.41186015930393
2026-03-14T18:00:00+0100,150.27692118240034
2026-03-14T19:00:00+0100,152.94033013589095
2026-03-14T20:00:00+0100,142.47518308208828
2026-03-14T21:00:00+0100,120.65614441838811
2026-03-14T22:00:00+0100,125.67065787665767
2026-03-14T23:00:00+0100,118.83438537609415
2026-03-15T00:00:00+0100,132.6152392878531
2026-03-15T01:00:00+0100,126.63293952582929
2026-03-15T02:00:00+0100,124.54392459476463
2026-03-15T03:00:00+0100,124.24901464560227
2026-03-15T04:00:00+0100,117.99885592302579
2026-03-15T05:00:00+0100,117.04389115407061
2026-03-15T06:00:00+0100,122.6713736696595
2026-03-15T07:00:00+0100,117.67782261820795
2026-03-15T08:00:00+0100,118.49629689854005
2026-03-15T09:00:00+0100,102.90447562303963
2026-03-15T10:00:00+0100,97.8828902531106
2026-03-15T11:00:00+0100,80.8128823247544
2026-03-15T12:00:00+0100,69.06981296989052
2026-03-15T13:00:00+0100,55.496227543072386
2026-03-15T14:00:00+0100,59.02324074589483
2026-03-15T15:00:00+0100,78.59429497161078
2026-03-15T16:00:00+0100,101.3388579808546
2026-03-15T17:00:00+0100,128.2520401000336
2026-03-15T18:00:00+0100,142.06837811783086
2026-03-15T19:00:00+0100,124.793348696497
2026-03-15T20:00:00+0100,106.51977741784077
2026-03-15T21:00:00+0100,99.07715344389443
2026-03-15T22:00:00+0100,94.486851527833
2026-03-15T23:00:00+0100,67.60433652886687
2026-03-16T00:00:00+0100,57.257973490369125
2026-03-16T01:00:00+0100,38.948153657966365
2026-03-16T02:00:00+0100,28.185520218789325
2026-03-16T03:00:00+0100,23.47623418536873
2026-03-16T04:00:00+0100,27.98544265814768
2026-03-16T05:00:00+0100,35.80263324403507
2026-03-16T06:00:00+0100,57.122985603291305
2026-03-16T07:00:00+0100,63.6527735961802
2026-03-16T08:00:00+0100,57.373528893259014
2026-03-16T09:00:00+0100,41.057422799093054
2026-03-16T10:00:00+0100,21.56054418989423
2026-03-16T11:00:00+0100,17.04078823125208
2026-03-16T12:00:00+0100,12.52419160024227
2026-03-16T13:00:00+0100,8.258763179738272
2026-03-16T14:00:00+0100,8.14291175808537
2026-03-16T15:00:00+0100,37.074898942341086
2026-03-16T16:00:00+0100,80.69259079986038
2026-03-16T17:00:00+0100,120.5693904731313
2026-03-16T18:00:00+0100,136.89934830630875
2026-03-16T19:00:00+0100,134.03547217300425
2026-03-16T20:00:00+0100,127.67319806572874
2026-03-16T21:00:00+0100,114.32535794216588
2026-03-16T22:00:00+0100,110.2099329083748
2026-03-16T23:00:00+0100,106.06655616927432
2026-03-17T00:00:00+0100,112.82452539502323
2026-03-17T01:00:00+0100,112.22781936067915
2026-03-17T02:00:00+0100,104.54210110651962
2026-03-17T03:00:00+0100,105.22494805005289
2026-03-17T04:00:00+0100,109.6409235012514
2026-03-17T05:00:00+0100,124.142684731623
2026-03-17T06:00:00+0100,138.08720515543104
2026-03-17T07:00:00+0100,140.96943518957758
2026-03-17T08:00:00+0100,133.22104980185728
2026-03-17T09:00:00+0100,114.57182787337628
2026-03-17T10:00:00+0100,99.50045470064916
2026-03-17T11:00:00+0100,85.13218426221191
2026-03-17T12:00:00+0100,66.02329767288562
2026-03-17T13:00:00+0100,70.46445229592885
2026-03-17T14:00:00+0100,80.89259814986707
2026-03-17T15:00:00+0100,97.93058027513008
2026-03-17T16:00:00+0100,121.98922780464888
2026-03-17T17:00:00+0100,161.56225798989593
2026-03-17T18:00:00+0100,181.84693183882436
2026-03-17T19:00:00+0100,158.54520893047484
2026-03-17T20:00:00+0100,140.4150074556663
2026-03-17T21:00:00+0100,114.00018101137256
2026-03-17T22:00:00+0100,102.23433248515121
2026-03-17T23:00:00+0100,85.53998357677764
2026-03-18T00:00:00+0100,93.93576122220483
2026-03-18T01:00:00+0100,84.5806322462303
2026-03-18T02:00:00+0100,80.68609569193507
2026-03-18T03:00:00+0100,82.27368285401225
2026-03-18T04:00:00+0100,86.79810702242028
2026-03-18T05:00:00+0100,97.37141632999426
2026-03-18T06:00:00+0100,110.45320230513413
2026-03-18T07:00:00+0100,106.2407950047154
2026-03-18T08:00:00+0100,78.38868986282591
2026-03-18T09:00:00+0100,52.32518106063058
2026-03-18T10:00:00+0100,24.334692797485275
2026-03-18T11:00:00+0100,13.91745927693899
2026-03-18T12:00:00+0100,-1.2854648761757537
2026-03-18T13:00:00+0100,-9.958713771467046
2026-03-18T14:00:00+0100,-0.1597555427503354
2026-03-18T15:00:00+0100,47.301029231227915
2026-03-18T16:00:00+0100,96.14530795898047
2026-03-18T17:00:00+0100,130.17858944756105
2026-03-18T18:00:00+0100,153.19413758461616
2026-03-18T19:00:00+0100,140.91370478460468
2026-03-18T20:00:00+0100,131.01598704197698
2026-03-18T21:00:00+0100,111.19949588853889
2026-03-18T22:00:00+0100,106.3956935157771
2026-03-18T23:00:00+0100,98.85406120067405
2026-03-19T00:00:00+0100,98.54541684713374
2026-03-19T01:00:00+0100,92.2015564053599
2026-03-19T02:00:00+0100,90.26436996056985
2026-03-19T03:00:00+0100,94.3060482792103
2026-03-19T04:00:00+0100,95.76199390027514
2026-03-19T05:00:00+0100,99.61062752651993
2026-03-19T06:00:00+0100,138.93838147564531
2026-03-19T07:00:00+0100,137.6562712820662
2026-03-19T08:00:00+0100,100.75367432960878
2026-03-19T09:00:00+0100,66.87484600040666
2026-03-19T10:00:00+0100,33.48115216209243
2026-03-19T11:00:00+0100,8.766971148144801
2026-03-19T12:00:00+0100,4.445892268394661
2026-03-19T13:00:00+0100,-5.235089890588969
2026-03-19T14:00:00+0100,6.289053793925467
2026-03-19T15:00:00+0100,50.07922587371042
2026-03-19T16:00:00+0100,90.10396266077652
2026-03-19T17:00:00+0100,143.26374002086052
2026-03-19T18:00:00+0100,159.81588650283803
2026-03-19T19:00:00+0100,163.28778648582187
2026-03-19T20:00:00+0100,155.36482085645991
2026-03-19T21:00:00+0100,126.79999847643926
2026-03-19T22:00:00+0100,123.6794298950661
2026-03-19T23:00:00+0100,109.0739195566694
2026-03-20T00:00:00+0100,108.36144999205294
2026-03-20T01:00:00+0100,106.9601313072127
2026-03-20T02:00:00+0100,105.72872064756157
2026-03-20T03:00:00+0100,113.25100547034744
2026-03-20T04:00:00+0100,123.21173183946426
2026-03-20T05:00:00+0100,124.43591191362765
2026-03-20T06:00:00+0100,139.67961861287395
2026-03-20T07:00:00+0100,135.51622652479938
2026-03-20T08:00:00+0100,119.68795300677402
2026-03-20T09:00:00+0100,89.31156277139812
2026-03-20T10:00:00+0100,70.45670453498143
2026-03-20T11:00:00+0100,46.65174902292965
2026-03-20T12:00:00+0100,41.825376169032495
2026-03-20T13:00:00+0100,34.193134060755106
2026-03-20T14:00:00+0100,49.597455025837185
2026-03-20T15:00:00+0100,75.23733755557994
2026-03-20T16:00:00+0100,102.95579325017475
2026-03-20T17:00:00+0100,152.2749152587225
2026-03-20T18:00:00+0100,186.76631432420353
2026-03-20T19:00:00+0100,187.1224986467011
2026-03-20T20:00:00+0100,154.73513509958528
2026-03-20T21:00:00+0100,141.37212655583056
2026-03-20T22:00:00+0100,137.53733419348006
2026-03-20T23:00:00+0100,120.57033999629836
2026-03-21T00:00:00+0100,130.87808523720162
2026-03-21T01:00:00+0100,139.39474388398318
2026-03-21T02:00:00+0100,125.55344876172582
2026-03-21T03:00:00+0100,131.72599404608755
2026-03-21T04:00:00+0100,138.51511496562435
2026-03-21T05:00:00+0100,144.30229349089691
2026-03-21T06:00:00+0100,118.33599642283357
2026-03-21T07:00:00+0100,119.68118333702496
2026-03-21T08:00:00+0100,106.79752138068145
2026-03-21T09:00:00+0100,87.54954749968407
2026-03-21T10:00:00+0100,67.74491189078663
2026-03-21T11:00:00+0100,46.020339011341264
2026-03-21T12:00:00+0100,37.337771924875724
2026-03-21T13:00:00+0100,28.873905012892678
2026-03-21T14:00:00+0100,58.47037586868556
2026-03-21T15:00:00+0100,80.74117318733497
2026-03-21T16:00:00+0100,107.88365745547458
2026-03-21T17:00:00+0100,130.25711149910933
2026-03-21T18:00:00+0100,148.9776520852381
2026-03-21T19:00:00+0100,137.85451811674636
2026-03-21T20:00:00+0100,126.84657478151877
2026-03-21T21:00:00+0100,107.7562828371092
2026-03-21T22:00:00+0100,110.94243087984691
2026-03-21T23:00:00+0100,106.30200771904535
2026-03-22T00:00:00+0100,105.1698430639604
2026-03-22T01:00:00+0100,106.63989194438224
2026-03-22T02:00:00+0100,95.18248825447591
2026-03-22T03:00:00+0100,92.21967479029934
2026-03-22T04:00:00+0100,91.7536504347706
2026-03-22T05:00:00+0100,97.68440561385064
2026-03-22T06:00:00+0100,95.97270193543918
2026-03-22T07:00:00+0100,91.31398595968747
2026-03-22T08:00:00+0100,47.58217747009488
2026-03-22T09:00:00+0100,13.0882943089622
2026-03-22T10:00:00+0100,-18.42792305224316
2026-03-22T11:00:00+0100,-33.192909016889416
2026-03-22T12:00:00+0100,-40.618179840736474
2026-03-22T13:00:00+0100,-35.121445238813564
2026-03-22T14:00:00+0100,-22.568340226036394
2026-03-22T15:00:00+0100,10.457205794607964
2026-03-22T16:00:00+0100,77.60962302881576
2026-03-22T17:00:00+0100,114.58340389319947
2026-03-22T18:00:00+0100,139.1767936861447
2026-03-22T19:00:00+0100,134.65903901485163
2026-03-22T20:00:00+0100,133.64101870762485
2026-03-22T21:00:00+0100,124.30756680389062
2026-03-22T22:00:00+0100,117.42301729506116
2026-03-22T23:00:00+0100,106.47174064528416
2026-03-23T00:00:00+0100,98.01391142541648
2026-03-23T01:00:00+0100,94.80602853006235
2026-03-23T02:00:00+0100,91.30039592861927
2026-03-23T03:00:00+0100,97.30910627111344
2026-03-23T04:00:00+0100,100.57124178644281
2026-03-23T05:00:00+0100,110.21005498941507
2026-03-23T06:00:00+0100,113.90562197649989
2026-03-23T07:00:00+0100,123.73898617894716
2026-03-23T08:00:00+0100,111.24664832016866
2026-03-23T09:00:00+0100,69.9309635297628
2026-03-23T10:00:00+0100,1.8945029799485396
2026-03-23T11:00:00+0100,5.390148560463982
2026-03-23T12:00:00+0100,-0.6526512661704512
2026-03-23T13:00:00+0100,5.376426235293255
2026-03-23T14:00:00+0100,29.922387113199694
2026-03-23T15:00:00+0100,75.51126259162695
2026-03-23T16:00:00+0100,104.852824329406
2026-03-23T17:00:00+0100,183.8189631936961
2026-03-23T18:00:00+0100,226.6761557753985
2026-03-23T19:00:00+0100,215.21959390881358
2026-03-23T20:00:00+0100,298.3120115743272
2026-03-23T21:00:00+0100,245.7388324168535
2026-03-23T22:00:00+0100,179.68763447687584
2026-03-23T23:00:00+0100,164.44756190626433
2026-03-24T00:00:00+0100,126.02013306935551
2026-03-24T01:00:00+0100,123.1072513407448
2026-03-24T02:00:00+0100,111.60293910717678
2026-03-24T03:00:00+0100,104.35636446990448
2026-03-24T04:00:00+0100,121.97830049563471
2026-03-24T05:00:00+0100,119.42615598791684
2026-03-24T06:00:00+0100,121.42427770708407
2026-03-24T07:00:00+0100,113.59913193478451
2026-03-24T08:00:00+0100,90.39573446749381
2026-03-24T09:00:00+0100,51.80047336377814
2026-03-24T10:00:00+0100,16.55081229006965
2026-03-24T11:00:00+0100,-2.0071370671701128
2026-03-24T12:00:00+0100,-7.788895475585132
2026-03-24T13:00:00+0100,-9.558795524246603
2026-03-24T14:00:00+0100,-2.5693411745715067
2026-03-24T15:00:00+0100,11.312248371067692
2026-03-24T16:00:00+0100,47.6052892868951
2026-03-24T17:00:00+0100,83.64932712496213
2026-03-24T18:00:00+0100,90.11682229292857
2026-03-24T19:00:00+0100,95.38108135229315
2026-03-24T20:00:00+0100,57.15553027670623
2026-03-24T21:00:00+0100,43.34637576434465
2026-03-24T22:00:00+0100,32.66517542783482
2026-03-24T23:00:00+0100,12.08199875107951
2026-03-25T00:00:00+0100,10.741232818304802
2026-03-25T01:00:00+0100,7.459738830345768
2026-03-25T02:00:00+0100,4.852080091316962
2026-03-25T03:00:00+0100,0.09276752183366684
2026-03-25T04:00:00+0100,1.067053755837101
2026-03-25T05:00:00+0100,-1.9742854068484033
2026-03-25T06:00:00+0100,7.601224283011337
2026-03-25T07:00:00+0100,18.971773027014663
2026-03-25T08:00:00+0100,19.11598380423022
2026-03-25T09:00:00+0100,2.465662721569993
2026-03-25T10:00:00+0100,1.0903239437957897
2026-03-25T11:00:00+0100,-8.5352215313149
2026-03-25T12:00:00+0100,-15.11068674970645
2026-03-25T13:00:00+0100,-10.167412962741151
2026-03-25T14:00:00+0100,-9.106558460532433
2026-03-25T15:00:00+0100,-6.397334849674417
2026-03-25T16:00:00+0100,27.90960756934468
2026-03-25T17:00:00+0100,64.84522876755494
2026-03-25T18:00:00+0100,83.76551091416488
2026-03-25T19:00:00+0100,95.97971467032639
2026-03-25T20:00:00+0100,87.20240968333512
2026-03-25T21:00:00+0100,82.50712925147596
2026-03-25T22:00:00+0100,75.94351078895255
2026-03-25T23:00:00+0100,64.063271231869
2026-03-26T00:00:00+0100,68.14716614614659
2026-03-26T01:00:00+0100,62.99608397707927
2026-03-26T02:00:00+0100,61.27293284204916
2026-03-26T03:00:00+0100,60.819192615294405
2026-03-26T04:00:00+0100,65.39975156330202
2026-03-26T05:00:00+0100,75.68786682765133
2026-03-26T06:00:00+0100,88.97646712267115
2026-03-26T07:00:00+0100,97.26748321027964
2026-03-26T08:00:00+0100,74.14508891254718
2026-03-26T09:00:00+0100,31.559318845130804
2026-03-26T10:00:00+0100,4.799222182327666
2026-03-26T11:00:00+0100,-0.9621588704994471
2026-03-26T12:00:00+0100,-4.022913872092126
2026-03-26T13:00:00+0100,-8.060951614857899
2026-03-26T14:00:00+0100,0.4407914669768329
2026-03-26T15:00:00+0100,10.4171631267269
2026-03-26T16:00:00+0100,49.26868796707563
2026-03-26T17:00:00+0100,82.8472374992248
2026-03-26T18:00:00+0100,110.14584811289892
2026-03-26T19:00:00+0100,122.20606090553724
2026-03-26T20:00:00+0100,116.1816099605746
2026-03-26T21:00:00+0100,101.28342827769426
2026-03-26T22:00:00+0100,99.60219959251378
2026-03-26T23:00:00+0100,94.736234077961
2026-03-27T00:00:00+0100,103.84125953406573
2026-03-27T01:00:00+0100,101.7590944560639
2026-03-27T02:00:00+0100,102.9664400406233
2026-03-27T03:00:00+0100,110.5565347127463
2026-03-27T04:00:00+0100,117.19821296427557
2026-03-27T05:00:00+0100,126.2385215925991
2026-03-27T06:00:00+0100,150.85156805194808
2026-03-27T07:00:00+0100,133.64620083401275
2026-03-27T08:00:00+0100,117.44233117919696
2026-03-27T09:00:00+0100,88.63963938725311
2026-03-27T10:00:00+0100,46.79607994267911
2026-03-27T11:00:00+0100,27.674186315046597
2026-03-27T12:00:00+0100,13.497115318201502
2026-03-27T13:00:00+0100,5.968315904012679
2026-03-27T14:00:00+0100,18.332765722466334
2026-03-27T15:00:00+0100,59.248117286856036
2026-03-27T16:00:00+0100,89.7696093289949
2026-03-27T17:00:00+0100,119.51028177792064
2026-03-27T18:00:00+0100,140.1727552380206
2026-03-27T19:00:00+0100,142.52721096772677
2026-03-27T20:00:00+0100,133.84428290073967
2026-03-27T21:00:00+0100,123.98324930150645
2026-03-27T22:00:00+0100,110.76956137591085
2026-03-27T23:00:00+0100,102.33560246278327
2026-03-28T00:00:00+0100,90.534477182667
2026-03-28T01:00:00+0100,86.76336962980893
2026-03-28T02:00:00+0100,85.34988184943218
2026-03-28T03:00:00+0100,81.94232358742484
2026-03-28T04:00:00+0100,81.42359928617459
2026-03-28T05:00:00+0100,93.09506088536386
2026-03-28T06:00:00+0100,95.50859498431032
2026-03-28T07:00:00+0100,85.95489265131076
2026-03-28T08:00:00+0100,70.59399654504631
2026-03-28T09:00:00+0100,57.73642138204931
2026-03-28T10:00:00+0100,41.44957328230108
2026-03-28T11:00:00+0100,15.429329679003539
2026-03-28T12:00:00+0100,12.466030176687966
2026-03-28T13:00:00+0100,18.678884836662576
2026-03-28T14:00:00+0100,37.94855061935026
2026-03-28T15:00:00+0100,68.81522585008362
2026-03-28T16:00:00+0100,94.23381981163142
2026-03-28T17:00:00+0100,124.43542497354012
2026-03-28T18:00:00+0100,137.30068480854058
2026-03-28T19:00:00+0100,146.51396746121088
2026-03-28T20:00:00+0100,132.15871119327355
2026-03-28T21:00:00+0100,114.32017671659057
2026-03-28T22:00:00+0100,110.0254832180993
2026-03-28T23:00:00+0100,102.69164523680209
2026-03-29T00:00:00+0100,98.32721459768212
2026-03-29T01:00:00+0100,89.15916757603767
2026-03-29T03:00:00+0200,86.85735661750911
2026-03-29T04:00:00+0200,85.31524072996545
2026-03-29T05:00:00+0200,85.40001740196311
2026-03-29T06:00:00+0200,86.00682068304849
2026-03-29T07:00:00+0200,90.86141373784976
2026-03-29T08:00:00+0200,92.06405767718155
2026-03-29T09:00:00+0200,71.80845709247669
2026-03-29T10:00:00+0200,45.45656029944513
2026-03-29T11:00:00+0200,23.11974554847329
2026-03-29T12:00:00+0200,-0.25579759306848
2026-03-29T13:00:00+0200,-9.757504784001604
2026-03-29T14:00:00+0200,-16.882786885413307
2026-03-29T15:00:00+0200,-11.270544497210308
2026-03-29T16:00:00+0200,0.4607759878572821
2026-03-29T17:00:00+0200,30.797479914290296
2026-03-29T18:00:00+0200,73.33222232426888
2026-03-29T19:00:00+0200,107.90283154466114
2026-03-29T20:00:00+0200,93.68744928660848
2026-03-29T21:00:00+0200,62.93033594910307
2026-03-29T22:00:00+0200,41.074200785120624
2026-03-29T23:00:00+0200,38.640282458304185
2026-03-30T00:00:00+0200,28.148273682219646
2026-03-30T01:00:00+0200,21.215397835430185
2026-03-30T02:00:00+0200,20.68285308164687
2026-03-30T03:00:00+0200,20.832669452744558
2026-03-30T04:00:00+0200,25.59134525878841
2026-03-30T05:00:00+0200,24.64976882222797
2026-03-30T06:00:00+0200,35.07190171204847
2026-03-30T07:00:00+0200,50.68216264906833
2026-03-30T08:00:00+0200,58.02830711786161
2026-03-30T09:00:00+0200,61.079662910972566
2026-03-30T10:00:00+0200,43.897248038478715
2026-03-30T11:00:00+0200,23.999868729659365
2026-03-30T12:00:00+0200,10.812360058176441
2026-03-30T13:00:00+0200,7.061491594243048
2026-03-30T14:00:00+0200,6.928952086153525
2026-03-30T15:00:00+0200,5.621526732689374
2026-03-30T16:00:00+0200,19.693620944897237
2026-03-30T17:00:00+0200,63.65887784946393
2026-03-30T18:00:00+0200,87.30968161877936
2026-03-30T19:00:00+0200,98.54402992891566
2026-03-30T20:00:00+0200,91.66958731450276
2026-03-30T21:00:00+0200,91.60767631973795
2026-03-30T22:00:00+0200,93.80967755360979
2026-03-30T23:00:00+0200,83.54450448722424
2026-03-31T00:00:00+0200,90.42787381407811
2026-03-31T01:00:00+0200,90.32840012019905
2026-03-31T02:00:00+0200,77.8026975755
2026-03-31T03:00:00+0200,78.39610067601681
2026-03-31T04:00:00+0200,72.03409278215082
2026-03-31T05:00:00+0200,76.52723853677894
2026-03-31T06:00:00+0200,86.76296368669037
2026-03-31T07:00:00+0200,104.74516285469744
2026-03-31T08:00:00+0200,103.27372269699124
2026-03-31T09:00:00+0200,91.47652979338288
2026-03-31T10:00:00+0200,66.14875281763018
2026-03-31T11:00:00+0200,44.45627021159862
2026-03-31T12:00:00+0200,22.954615009138745
2026-03-31T13:00:00+0200,6.571431292739457
2026-03-31T14:00:00+0200,-1.196061944129397
2026-03-31T15:00:00+0200,5.117064606805091
2026-03-31T16:00:00+0200,31.55655468821154
2026-03-31T17:00:00+0200,64.71887471136081
2026-03-31T18:00:00+0200,100.46227348597077
2026-03-31T19:00:00+0200,123.65205885488334
2026-03-31T20:00:00+0200,128.5193896496067
2026-03-31T21:00:00+0200,119.56948341142817
2026-03-31T22:00:00+0200,110.67912569837132
2026-03-31T23:00:00+0200,104.87659095009876
2026-04-01T00:00:00+0200,108.40886066400869
2026-04-01T01:00:00+0200,100.05605969948421
2026-04-01T02:00:00+0200,97.55927472074512
2026-04-01T03:00:00+0200,97.17138434041576
2026-04-01T04:00:00+0200,99.5350493624961
2026-04-01T05:00:00+0200,106.32983811223087
2026-04-01T06:00:00+0200,152.16125081911488
2026-04-01T07:00:00+0200,206.97647510790813
2026-04-01T08:00:00+0200,170.99377906327416
2026-04-01T09:00:00+0200,130.01088407905934
2026-04-01T10:00:00+0200,100.67816458273923
2026-04-01T11:00:00+0200,81.87777150494918
2026-04-01T12:00:00+0200,61.805707920977426
2026-04-01T13:00:00+0200,39.04876321329511
2026-04-01T14:00:00+0200,38.71035436565704
2026-04-01T15:00:00+0200,47.75559306349134
2026-04-01T16:00:00+0200,71.58454608722676
2026-04-01T17:00:00+0200,98.67054858179819
2026-04-01T18:00:00+0200,146.01185401141254
2026-04-01T19:00:00+0200,170.36369399304934
2026-04-01T20:00:00+0200,184.54610767179554
2026-04-01T21:00:00+0200,151.73765504141568
2026-04-01T22:00:00+0200,153.21592725781542
2026-04-01T23:00:00+0200,143.35631277793328
2026-04-02T00:00:00+0200,142.84622778671417
2026-04-02T01:00:00+0200,127.05230616238538
2026-04-02T02:00:00+0200,122.89796065696602
2026-04-02T03:00:00+0200,121.8603380285469
2026-04-02T04:00:00+0200,126.23813031561461
2026-04-02T05:00:00+0200,136.19948880869194
2026-04-02T06:00:00+0200,150.70312169932595
2026-04-02T07:00:00+0200,143.75898239330175
2026-04-02T08:00:00+0200,124.10322156576031
2026-04-02T09:00:00+0200,93.01691058521423
2026-04-02T10:00:00+0200,61.48403478522401
2026-04-02T11:00:00+0200,32.40524288915555
2026-04-02T12:00:00+0200,1.5563098298250913
2026-04-02T13:00:00+0200,3.086181161307652
2026-04-02T14:00:00+0200,1.0839322433912932
2026-04-02T15:00:00+0200,28.25955254730191
2026-04-02T16:00:00+0200,64.98358086149821
2026-04-02T17:00:00+0200,92.6887753640632
2026-04-02T18:00:00+0200,116.51922677611931
2026-04-02T19:00:00+0200,144.03455833813425
2026-04-02T20:00:00+0200,145.1379346646616
2026-04-02T21:00:00+0200,133.07776399571821
2026-04-02T22:00:00+0200,126.39178410312167
2026-04-02T23:00:00+0200,111.84735562889958
2026-04-03T00:00:00+0200,118.0140852576228
2026-04-03T01:00:00+0200,114.39754391056836
2026-04-03T02:00:00+0200,108.0044687197969
2026-04-03T03:00:00+0200,107.69354854108754
2026-04-03T04:00:00+0200,108.4320860428199
2026-04-03T05:00:00+0200,115.4257561745123
2026-04-03T06:00:00+0200,134.13617266849326
2026-04-03T07:00:00+0200,158.34154056529852
2026-04-03T08:00:00+0200,140.15082663115894
2026-04-03T09:00:00+0200,108.36609906831247
2026-04-03T10:00:00+0200,80.17831586229725
2026-04-03T11:00:00+0200,48.45459637053074
2026-04-03T12:00:00+0200,19.71576758217239
2026-04-03T13:00:00+0200,7.315701493140149
2026-04-03T14:00:00+0200,-3.917546497349069
2026-04-03T15:00:00+0200,6.7943024970923895
2026-04-03T16:00:00+0200,23.01243040465129
2026-04-03T17:00:00+0200,58.55883762307722
2026-04-03T18:00:00+0200,94.2868550197299
2026-04-03T19:00:00+0200,99.57537692017947
2026-04-03T20:00:00+0200,95.37112180967401
2026-04-03T21:00:00+0200,73.6678777254258
2026-04-03T22:00:00+0200,70.63119193678918
2026-04-03T23:00:00+0200,50.579998858622574
2026-04-04T00:00:00+0200,6.35659831207858
2026-04-04T01:00:00+0200,0.8830251440519216
2026-04-04T02:00:00+0200,-0.9966525050660242
2026-04-04T03:00:00+0200,-1.7233496502464194
2026-04-04T04:00:00+0200,-1.7081700296498463
2026-04-04T05:00:00+0200,-1.4625861282919206
2026-04-04T06:00:00+0200,4.177452999752554
2026-04-04T07:00:00+0200,8.161266047630178
2026-04-04T08:00:00+0200,6.063738329356134
2026-04-04T09:00:00+0200,7.662073835037996
2026-04-04T10:00:00+0200,-4.3779475856526515
2026-04-04T11:00:00+0200,-7.630935363482659
2026-04-04T12:00:00+0200,-8.506635647450002
2026-04-04T13:00:00+0200,-11.559768969828395
2026-04-04T14:00:00+0200,-9.598437762400849
2026-04-04T15:00:00+0200,-7.695080383833458
2026-04-04T16:00:00+0200,-2.9941413767015375
2026-04-04T17:00:00+0200,35.76105987475353
2026-04-04T18:00:00+0200,94.5034630650705
2026-04-04T19:00:00+0200,116.44585787462177
2026-04-04T20:00:00+0200,118.76576555648133
2026-04-04T21:00:00+0200,103.38195842530001
2026-04-04T22:00:00+0200,80.37713764499847
2026-04-04T23:00:00+0200,45.41433199458629
2026-04-05T00:00:00+0200,25.18454492427005
2026-04-05T01:00:00+0200,18.24434629599603
2026-04-05T02:00:00+0200,12.52888656627019
2026-04-05T03:00:00+0200,-7.303705558372719
2026-04-05T04:00:00+0200,-4.90800111609606
2026-04-05T05:00:00+0200,-8.878565535936445
2026-04-05T06:00:00+0200,-8.097976536006575
2026-04-05T07:00:00+0200,-2.9993123734481344
2026-04-05T08:00:00+0200,-3.569414500625084
2026-04-05T09:00:00+0200,-5.995162154689361
2026-04-05T10:00:00+0200,-10.11633035389668
2026-04-05T11:00:00+0200,-16.346687470967257
2026-04-05T12:00:00+0200,-17.958270914972914
2026-04-05T13:00:00+0200,-19.351387035716886
2026-04-05T14:00:00+0200,-19.51330883556402
2026-04-05T15:00:00+0200,-15.099838532822897
2026-04-05T16:00:00+0200,-14.571052381835779
2026-04-05T17:00:00+0200,-11.107738104282378
2026-04-05T18:00:00+0200,17.466717926473795
2026-04-05T19:00:00+0200,37.47292501814506
2026-04-05T20:00:00+0200,35.38929952973895
2026-04-05T21:00:00+0200,28.904689339910213
2026-04-05T22:00:00+0200,12.720138601155133
2026-04-05T23:00:00+0200,2.791488080194102
2026-04-06T00:00:00+0200,37.09170268204674
2026-04-06T01:00:00+0200,29.630448209467612
2026-04-06T02:00:00+0200,25.765831124741368
2026-04-06T03:00:00+0200,8.804103921253366
2026-04-06T04:00:00+0200,11.431291323335753
2026-04-06T05:00:00+0200,39.00585543698634
2026-04-06T06:00:00+0200,67.00551634300443
2026-04-06T07:00:00+0200,76.24277378602413
2026-04-06T08:00:00+0200,60.675120034334924
2026-04-06T09:00:00+0200,29.353334859751577
2026-04-06T10:00:00+0200,7.044648345172849
2026-04-06T11:00:00+0200,-13.443978962384291
2026-04-06T12:00:00+0200,-6.417603562979582
2026-04-06T13:00:00+0200,-24.849411457901827
2026-04-06T14:00:00+0200,-26.07851346870462
2026-04-06T15:00:00+0200,-22.114624031930834
2026-04-06T16:00:00+0200,-5.0287957495905005
2026-04-06T17:00:00+0200,7.568270630621632
2026-04-06T18:00:00+0200,88.19988148986022
